date,issues,closed,age,nm_issues,nm_closed,nm_age
2021-Jan-01,0,0,,0,0,
2021-Jan-02,0,0,,0,0,
2021-Jan-03,0,0,,0,0,
2021-Jan-04,0,0,,0,0,
2021-Jan-05,0,0,,0,0,
2021-Jan-06,0,0,,0,0,
2021-Jan-07,0,0,,0,0,
2021-Jan-08,0,0,,0,0,
2021-Jan-09,0,0,,0,0,
2021-Jan-10,0,0,,0,0,
2021-Jan-11,0,0,,0,0,
2021-Jan-12,0,0,,0,0,
2021-Jan-13,0,0,,0,0,
2021-Jan-14,0,0,,0,0,
2021-Jan-15,0,0,,0,0,
2021-Jan-16,0,0,,0,0,
2021-Jan-17,0,0,,0,0,
2021-Jan-18,0,0,,0,0,
2021-Jan-19,0,0,,0,0,
2021-Jan-20,0,0,,0,0,
2021-Jan-21,0,0,,0,0,
2021-Jan-22,0,0,,0,0,
2021-Jan-23,0,0,,0,0,
2021-Jan-24,0,0,,0,0,
2021-Jan-25,0,0,,0,0,
2021-Jan-26,0,0,,0,0,
2021-Jan-27,0,0,,0,0,
2021-Jan-28,0,0,,0,0,
2021-Jan-29,0,0,,0,0,
2021-Jan-30,0,0,,0,0,
2021-Jan-31,0,0,,0,0,
2021-Feb-01,0,0,,0,0,
2021-Feb-02,0,0,,0,0,
2021-Feb-03,0,0,,0,0,
2021-Feb-04,0,0,,0,0,
2021-Feb-05,0,0,,0,0,
2021-Feb-06,0,0,,0,0,
2021-Feb-07,0,0,,0,0,
2021-Feb-08,0,0,,0,0,
2021-Feb-09,0,0,,0,0,
2021-Feb-10,0,0,,0,0,
2021-Feb-11,0,0,,0,0,
2021-Feb-12,0,0,,0,0,
2021-Feb-13,0,0,,0,0,
2021-Feb-14,0,0,,0,0,
2021-Feb-15,0,0,,0,0,
2021-Feb-16,0,0,,0,0,
2021-Feb-17,0,0,,0,0,
2021-Feb-18,0,0,,0,0,
2021-Feb-19,0,0,,0,0,
2021-Feb-20,0,0,,0,0,
2021-Feb-21,0,0,,0,0,
2021-Feb-22,0,0,,0,0,
2021-Feb-23,0,0,,0,0,
2021-Feb-24,0,0,,0,0,
2021-Feb-25,0,0,,0,0,
2021-Feb-26,0,0,,0,0,
2021-Feb-27,0,0,,0,0,
2021-Feb-28,0,0,,0,0,
2021-Mar-01,0,0,,0,0,
2021-Mar-02,0,0,,0,0,
2021-Mar-03,0,0,,0,0,
2021-Mar-04,0,0,,0,0,
2021-Mar-05,0,0,,0,0,
2021-Mar-06,0,0,,0,0,
2021-Mar-07,0,0,,0,0,
2021-Mar-08,0,0,,0,0,
2021-Mar-09,0,0,,0,0,
2021-Mar-10,0,0,,0,0,
2021-Mar-11,0,0,,0,0,
2021-Mar-12,0,0,,0,0,
2021-Mar-13,0,0,,0,0,
2021-Mar-14,0,0,,0,0,
2021-Mar-15,0,0,,0,0,
2021-Mar-16,0,0,,0,0,
2021-Mar-17,0,0,,0,0,
2021-Mar-18,0,0,,0,0,
2021-Mar-19,0,0,,0,0,
2021-Mar-20,0,0,,0,0,
2021-Mar-21,0,0,,0,0,
2021-Mar-22,0,0,,0,0,
2021-Mar-23,0,0,,0,0,
2021-Mar-24,0,0,,0,0,
2021-Mar-25,0,0,,0,0,
2021-Mar-26,0,0,,0,0,
2021-Mar-27,0,0,,0,0,
2021-Mar-28,0,0,,0,0,
2021-Mar-29,0,0,,0,0,
2021-Mar-30,0,0,,0,0,
2021-Mar-31,0,0,,0,0,
2021-Apr-01,0,0,,0,0,
2021-Apr-02,0,0,,0,0,
2021-Apr-03,0,0,,0,0,
2021-Apr-04,0,0,,0,0,
2021-Apr-05,0,0,,0,0,
2021-Apr-06,0,0,,0,0,
2021-Apr-07,0,0,,0,0,
2021-Apr-08,0,0,,0,0,
2021-Apr-09,0,0,,0,0,
2021-Apr-10,0,0,,0,0,
2021-Apr-11,0,0,,0,0,
2021-Apr-12,0,0,,0,0,
2021-Apr-13,0,0,,0,0,
2021-Apr-14,0,0,,0,0,
2021-Apr-15,0,0,,0,0,
2021-Apr-16,0,0,,0,0,
2021-Apr-17,0,0,,0,0,
2021-Apr-18,0,0,,0,0,
2021-Apr-19,0,0,,0,0,
2021-Apr-20,0,0,,0,0,
2021-Apr-21,0,0,,0,0,
2021-Apr-22,0,0,,0,0,
2021-Apr-23,0,0,,0,0,
2021-Apr-24,0,0,,0,0,
2021-Apr-25,0,0,,0,0,
2021-Apr-26,0,0,,0,0,
2021-Apr-27,0,0,,0,0,
2021-Apr-28,0,0,,0,0,
2021-Apr-29,0,0,,0,0,
2021-Apr-30,0,0,,0,0,
2021-May-01,0,0,,0,0,
2021-May-02,0,0,,0,0,
2021-May-03,0,0,,0,0,
2021-May-04,0,0,,0,0,
2021-May-05,0,0,,0,0,
2021-May-06,0,0,,0,0,
2021-May-07,0,0,,0,0,
2021-May-08,0,0,,0,0,
2021-May-09,0,0,,0,0,
2021-May-10,0,0,,0,0,
2021-May-11,0,0,,0,0,
2021-May-12,0,0,,0,0,
2021-May-13,0,0,,0,0,
2021-May-14,0,0,,0,0,
2021-May-15,0,0,,0,0,
2021-May-16,0,0,,0,0,
2021-May-17,0,0,,0,0,
2021-May-18,0,0,,0,0,
2021-May-19,0,0,,0,0,
2021-May-20,0,0,,0,0,
2021-May-21,0,0,,0,0,
2021-May-22,0,0,,0,0,
2021-May-23,0,0,,0,0,
2021-May-24,0,0,,0,0,
2021-May-25,0,0,,0,0,
2021-May-26,0,0,,0,0,
2021-May-27,0,0,,0,0,
2021-May-28,0,0,,0,0,
2021-May-29,0,0,,0,0,
2021-May-30,0,0,,0,0,
2021-May-31,0,0,,0,0,
2021-Jun-01,0,0,,0,0,
2021-Jun-02,0,0,,0,0,
2021-Jun-03,0,0,,0,0,
2021-Jun-04,0,0,,0,0,
2021-Jun-05,0,0,,0,0,
2021-Jun-06,0,0,,0,0,
2021-Jun-07,0,0,,0,0,
2021-Jun-08,0,0,,0,0,
2021-Jun-09,0,0,,0,0,
2021-Jun-10,0,0,,0,0,
2021-Jun-11,0,0,,0,0,
2021-Jun-12,0,0,,0,0,
2021-Jun-13,0,0,,0,0,
2021-Jun-14,0,0,,0,0,
2021-Jun-15,0,0,,0,0,
2021-Jun-16,0,0,,0,0,
2021-Jun-17,0,0,,0,0,
2021-Jun-18,0,0,,0,0,
2021-Jun-19,0,0,,0,0,
2021-Jun-20,0,0,,0,0,
2021-Jun-21,0,0,,0,0,
2021-Jun-22,0,0,,0,0,
2021-Jun-23,0,0,,0,0,
2021-Jun-24,0,0,,0,0,
2021-Jun-25,0,0,,0,0,
2021-Jun-26,0,0,,0,0,
2021-Jun-27,0,0,,0,0,
2021-Jun-28,0,0,,0,0,
2021-Jun-29,0,0,,0,0,
2021-Jun-30,0,0,,0,0,
2021-Jul-01,0,0,,0,0,
2021-Jul-02,0,0,,0,0,
2021-Jul-03,0,0,,0,0,
2021-Jul-04,0,0,,0,0,
2021-Jul-05,0,0,,0,0,
2021-Jul-06,0,0,,0,0,
2021-Jul-07,0,0,,0,0,
2021-Jul-08,0,0,,0,0,
2021-Jul-09,0,0,,0,0,
2021-Jul-10,0,0,,0,0,
2021-Jul-11,0,0,,0,0,
2021-Jul-12,0,0,,0,0,
2021-Jul-13,0,0,,0,0,
2021-Jul-14,0,0,,0,0,
2021-Jul-15,0,0,,0,0,
2021-Jul-16,0,0,,0,0,
2021-Jul-17,0,0,,0,0,
2021-Jul-18,0,0,,0,0,
2021-Jul-19,0,0,,0,0,
2021-Jul-20,0,0,,0,0,
2021-Jul-21,0,0,,0,0,
2021-Jul-22,0,0,,0,0,
2021-Jul-23,0,0,,0,0,
2021-Jul-24,0,0,,0,0,
2021-Jul-25,0,0,,0,0,
2021-Jul-26,0,0,,0,0,
2021-Jul-27,0,0,,0,0,
2021-Jul-28,0,0,,0,0,
2021-Jul-29,0,0,,0,0,
2021-Jul-30,0,0,,0,0,
2021-Jul-31,0,0,,0,0,
2021-Aug-01,0,0,,0,0,
2021-Aug-02,0,0,,0,0,
2021-Aug-03,0,0,,0,0,
2021-Aug-04,0,0,,0,0,
2021-Aug-05,0,0,,0,0,
2021-Aug-06,0,0,,0,0,
2021-Aug-07,0,0,,0,0,
2021-Aug-08,0,0,,0,0,
2021-Aug-09,0,0,,0,0,
2021-Aug-10,0,0,,0,0,
2021-Aug-11,0,0,,0,0,
2021-Aug-12,0,0,,0,0,
2021-Aug-13,0,0,,0,0,
2021-Aug-14,0,0,,0,0,
2021-Aug-15,0,0,,0,0,
2021-Aug-16,0,0,,0,0,
2021-Aug-17,0,0,,0,0,
2021-Aug-18,0,0,,0,0,
2021-Aug-19,0,0,,0,0,
2021-Aug-20,0,0,,0,0,
2021-Aug-21,0,0,,0,0,
2021-Aug-22,0,0,,0,0,
2021-Aug-23,0,0,,0,0,
2021-Aug-24,0,0,,0,0,
2021-Aug-25,0,0,,0,0,
2021-Aug-26,0,0,,0,0,
2021-Aug-27,0,0,,0,0,
2021-Aug-28,0,0,,0,0,
2021-Aug-29,0,0,,0,0,
2021-Aug-30,0,0,,0,0,
2021-Aug-31,0,0,,0,0,
2021-Sep-01,0,0,,0,0,
2021-Sep-02,0,0,,0,0,
2021-Sep-03,0,0,,0,0,
2021-Sep-04,0,0,,0,0,
2021-Sep-05,0,0,,0,0,
2021-Sep-06,0,0,,0,0,
2021-Sep-07,0,0,,0,0,
2021-Sep-08,0,0,,0,0,
2021-Sep-09,0,0,,0,0,
2021-Sep-10,0,0,,0,0,
2021-Sep-11,0,0,,0,0,
2021-Sep-12,0,0,,0,0,
2021-Sep-13,0,0,,0,0,
2021-Sep-14,0,0,,0,0,
2021-Sep-15,0,0,,0,0,
2021-Sep-16,0,0,,0,0,
2021-Sep-17,0,0,,0,0,
2021-Sep-18,0,0,,0,0,
2021-Sep-19,0,0,,0,0,
2021-Sep-20,0,0,,0,0,
2021-Sep-21,0,0,,0,0,
2021-Sep-22,0,0,,0,0,
2021-Sep-23,0,0,,0,0,
2021-Sep-24,0,0,,0,0,
2021-Sep-25,0,0,,0,0,
2021-Sep-26,0,0,,0,0,
2021-Sep-27,0,0,,0,0,
2021-Sep-28,0,0,,0,0,
2021-Sep-29,0,0,,0,0,
2021-Sep-30,0,0,,0,0,
2021-Oct-01,0,0,,0,0,
2021-Oct-02,0,0,,0,0,
2021-Oct-03,0,0,,0,0,
2021-Oct-04,0,0,,0,0,
2021-Oct-05,0,0,,0,0,
2021-Oct-06,0,0,,0,0,
2021-Oct-07,0,0,,0,0,
2021-Oct-08,0,0,,0,0,
2021-Oct-09,0,0,,0,0,
2021-Oct-10,0,0,,0,0,
2021-Oct-11,0,0,,0,0,
2021-Oct-12,0,0,,0,0,
2021-Oct-13,0,0,,0,0,
2021-Oct-14,0,0,,0,0,
2021-Oct-15,0,0,,0,0,
2021-Oct-16,0,0,,0,0,
2021-Oct-17,0,0,,0,0,
2021-Oct-18,0,0,,0,0,
2021-Oct-19,0,0,,0,0,
2021-Oct-20,0,0,,0,0,
2021-Oct-21,0,0,,0,0,
2021-Oct-22,0,0,,0,0,
2021-Oct-23,0,0,,0,0,
2021-Oct-24,0,0,,0,0,
2021-Oct-25,0,0,,0,0,
2021-Oct-26,0,0,,0,0,
2021-Oct-27,0,0,,0,0,
2021-Oct-28,0,0,,0,0,
2021-Oct-29,0,0,,0,0,
2021-Oct-30,0,0,,0,0,
2021-Oct-31,0,0,,0,0,
2021-Nov-01,0,0,,0,0,
2021-Nov-02,0,0,,0,0,
2021-Nov-03,0,0,,0,0,
2021-Nov-04,0,0,,0,0,
2021-Nov-05,0,0,,0,0,
2021-Nov-06,0,0,,0,0,
2021-Nov-07,0,0,,0,0,
2021-Nov-08,0,0,,0,0,
2021-Nov-09,0,0,,0,0,
2021-Nov-10,0,0,,0,0,
2021-Nov-11,0,0,,0,0,
2021-Nov-12,0,0,,0,0,
2021-Nov-13,0,0,,0,0,
2021-Nov-14,0,0,,0,0,
2021-Nov-15,0,0,,0,0,
2021-Nov-16,0,0,,0,0,
2021-Nov-17,0,0,,0,0,
2021-Nov-18,0,0,,0,0,
2021-Nov-19,0,0,,0,0,
2021-Nov-20,0,0,,0,0,
2021-Nov-21,0,0,,0,0,
2021-Nov-22,0,0,,0,0,
2021-Nov-23,0,0,,0,0,
2021-Nov-24,0,0,,0,0,
2021-Nov-25,0,0,,0,0,
2021-Nov-26,0,0,,0,0,
2021-Nov-27,0,0,,0,0,
2021-Nov-28,0,0,,0,0,
2021-Nov-29,0,0,,0,0,
2021-Nov-30,0,0,,0,0,
2021-Dec-01,0,0,,0,0,
2021-Dec-02,0,0,,0,0,
2021-Dec-03,0,0,,0,0,
2021-Dec-04,0,0,,0,0,
2021-Dec-05,0,0,,0,0,
2021-Dec-06,0,0,,0,0,
2021-Dec-07,0,0,,0,0,
2021-Dec-08,0,0,,0,0,
2021-Dec-09,0,0,,0,0,
2021-Dec-10,0,0,,0,0,
2021-Dec-11,0,0,,0,0,
2021-Dec-12,0,0,,0,0,
2021-Dec-13,0,0,,0,0,
2021-Dec-14,0,0,,0,0,
2021-Dec-15,0,0,,0,0,
2021-Dec-16,0,0,,0,0,
2021-Dec-17,0,0,,0,0,
2021-Dec-18,0,0,,0,0,
2021-Dec-19,0,0,,0,0,
2021-Dec-20,0,0,,0,0,
2021-Dec-21,0,0,,0,0,
2021-Dec-22,0,0,,0,0,
2021-Dec-23,0,0,,0,0,
2021-Dec-24,0,0,,0,0,
2021-Dec-25,0,0,,0,0,
2021-Dec-26,0,0,,0,0,
2021-Dec-27,0,0,,0,0,
2021-Dec-28,0,0,,0,0,
2021-Dec-29,0,0,,0,0,
2021-Dec-30,0,0,,0,0,
2021-Dec-31,0,0,,0,0,
2022-Jan-01,0,0,,0,0,
2022-Jan-02,0,0,,0,0,
2022-Jan-03,0,0,,0,0,
2022-Jan-04,0,0,,0,0,
2022-Jan-05,0,0,,0,0,
2022-Jan-06,0,0,,0,0,
2022-Jan-07,0,0,,0,0,
2022-Jan-08,0,0,,0,0,
2022-Jan-09,0,0,,0,0,
2022-Jan-10,0,0,,0,0,
2022-Jan-11,0,0,,0,0,
2022-Jan-12,0,0,,0,0,
2022-Jan-13,0,0,,0,0,
2022-Jan-14,0,0,,0,0,
2022-Jan-15,0,0,,0,0,
2022-Jan-16,0,0,,0,0,
2022-Jan-17,0,0,,0,0,
2022-Jan-18,0,0,,0,0,
2022-Jan-19,0,0,,0,0,
2022-Jan-20,0,0,,0,0,
2022-Jan-21,0,0,,0,0,
2022-Jan-22,0,0,,0,0,
2022-Jan-23,0,0,,0,0,
2022-Jan-24,0,0,,0,0,
2022-Jan-25,0,0,,0,0,
2022-Jan-26,0,0,,0,0,
2022-Jan-27,0,0,,0,0,
2022-Jan-28,0,0,,0,0,
2022-Jan-29,0,0,,0,0,
2022-Jan-30,0,0,,0,0,
2022-Jan-31,0,0,,0,0,
2022-Feb-01,0,0,,0,0,
2022-Feb-02,0,0,,0,0,
2022-Feb-03,0,0,,0,0,
2022-Feb-04,0,0,,0,0,
2022-Feb-05,0,0,,0,0,
2022-Feb-06,0,0,,0,0,
2022-Feb-07,0,0,,0,0,
2022-Feb-08,0,0,,0,0,
2022-Feb-09,0,0,,0,0,
2022-Feb-10,0,0,,0,0,
2022-Feb-11,0,0,,0,0,
2022-Feb-12,0,0,,0,0,
2022-Feb-13,0,0,,0,0,
2022-Feb-14,0,0,,0,0,
2022-Feb-15,0,0,,0,0,
2022-Feb-16,0,0,,0,0,
2022-Feb-17,0,0,,0,0,
2022-Feb-18,0,0,,0,0,
2022-Feb-19,0,0,,0,0,
2022-Feb-20,0,0,,0,0,
2022-Feb-21,0,0,,0,0,
2022-Feb-22,0,0,,0,0,
2022-Feb-23,0,0,,0,0,
2022-Feb-24,0,0,,0,0,
2022-Feb-25,0,0,,0,0,
2022-Feb-26,0,0,,0,0,
2022-Feb-27,0,0,,0,0,
2022-Feb-28,0,0,,0,0,
2022-Mar-01,0,0,,0,0,
2022-Mar-02,0,0,,0,0,
2022-Mar-03,0,0,,0,0,
2022-Mar-04,0,0,,0,0,
2022-Mar-05,0,0,,0,0,
2022-Mar-06,0,0,,0,0,
2022-Mar-07,0,0,,0,0,
2022-Mar-08,0,0,,0,0,
2022-Mar-09,0,0,,0,0,
2022-Mar-10,0,0,,0,0,
2022-Mar-11,0,0,,0,0,
2022-Mar-12,0,0,,0,0,
2022-Mar-13,0,0,,0,0,
2022-Mar-14,0,0,,0,0,
2022-Mar-15,0,0,,0,0,
2022-Mar-16,0,0,,0,0,
2022-Mar-17,0,0,,0,0,
2022-Mar-18,0,0,,0,0,
2022-Mar-19,0,0,,0,0,
2022-Mar-20,0,0,,0,0,
2022-Mar-21,0,0,,0,0,
2022-Mar-22,0,0,,0,0,
2022-Mar-23,0,0,,0,0,
2022-Mar-24,0,0,,0,0,
2022-Mar-25,0,0,,0,0,
2022-Mar-26,0,0,,0,0,
2022-Mar-27,0,0,,0,0,
2022-Mar-28,0,0,,0,0,
2022-Mar-29,0,0,,0,0,
2022-Mar-30,0,0,,0,0,
2022-Mar-31,0,0,,0,0,
2022-Apr-01,0,0,,0,0,
2022-Apr-02,0,0,,0,0,
2022-Apr-03,0,0,,0,0,
2022-Apr-04,0,0,,0,0,
2022-Apr-05,0,0,,0,0,
2022-Apr-06,0,0,,0,0,
2022-Apr-07,0,0,,0,0,
2022-Apr-08,0,0,,0,0,
2022-Apr-09,0,0,,0,0,
2022-Apr-10,0,0,,0,0,
2022-Apr-11,0,0,,0,0,
2022-Apr-12,0,0,,0,0,
2022-Apr-13,0,0,,0,0,
2022-Apr-14,0,0,,0,0,
2022-Apr-15,0,0,,0,0,
2022-Apr-16,0,0,,0,0,
2022-Apr-17,0,0,,0,0,
2022-Apr-18,0,0,,0,0,
2022-Apr-19,0,0,,0,0,
2022-Apr-20,0,0,,0,0,
2022-Apr-21,0,0,,0,0,
2022-Apr-22,0,0,,0,0,
2022-Apr-23,0,0,,0,0,
2022-Apr-24,0,0,,0,0,
2022-Apr-25,0,0,,0,0,
2022-Apr-26,0,0,,0,0,
2022-Apr-27,0,0,,0,0,
2022-Apr-28,0,0,,0,0,
2022-Apr-29,0,0,,0,0,
2022-Apr-30,0,0,,0,0,
2022-May-01,0,0,,0,0,
2022-May-02,0,0,,0,0,
2022-May-03,0,0,,0,0,
2022-May-04,0,0,,0,0,
2022-May-05,0,0,,0,0,
2022-May-06,0,0,,0,0,
2022-May-07,0,0,,0,0,
2022-May-08,0,0,,0,0,
2022-May-09,0,0,,0,0,
2022-May-10,0,0,,0,0,
2022-May-11,0,0,,0,0,
2022-May-12,0,0,,0,0,
2022-May-13,0,0,,0,0,
2022-May-14,0,0,,0,0,
2022-May-15,0,0,,0,0,
2022-May-16,0,0,,0,0,
2022-May-17,0,0,,0,0,
2022-May-18,0,0,,0,0,
2022-May-19,0,0,,0,0,
2022-May-20,0,0,,0,0,
2022-May-21,0,0,,0,0,
2022-May-22,0,0,,0,0,
2022-May-23,0,0,,0,0,
2022-May-24,0,0,,0,0,
2022-May-25,0,0,,0,0,
2022-May-26,0,0,,0,0,
2022-May-27,0,0,,0,0,
2022-May-28,0,0,,0,0,
2022-May-29,0,0,,0,0,
2022-May-30,0,0,,0,0,
2022-May-31,0,0,,0,0,
2022-Jun-01,0,0,,0,0,
2022-Jun-02,0,0,,0,0,
2022-Jun-03,0,0,,0,0,
2022-Jun-04,0,0,,0,0,
2022-Jun-05,0,0,,0,0,
2022-Jun-06,0,0,,0,0,
2022-Jun-07,0,0,,0,0,
2022-Jun-08,0,0,,0,0,
2022-Jun-09,0,0,,0,0,
2022-Jun-10,0,0,,0,0,
2022-Jun-11,0,0,,0,0,
2022-Jun-12,0,0,,0,0,
2022-Jun-13,0,0,,0,0,
2022-Jun-14,0,0,,0,0,
2022-Jun-15,0,0,,0,0,
2022-Jun-16,0,0,,0,0,
2022-Jun-17,0,0,,0,0,
2022-Jun-18,0,0,,0,0,
2022-Jun-19,0,0,,0,0,
2022-Jun-20,0,0,,0,0,
2022-Jun-21,0,0,,0,0,
2022-Jun-22,0,0,,0,0,
2022-Jun-23,0,0,,0,0,
2022-Jun-24,0,0,,0,0,
2022-Jun-25,0,0,,0,0,
2022-Jun-26,0,0,,0,0,
2022-Jun-27,0,0,,0,0,
2022-Jun-28,0,0,,0,0,
2022-Jun-29,0,0,,0,0,
2022-Jun-30,0,0,,0,0,
2022-Jul-01,0,0,,0,0,
2022-Jul-02,0,0,,0,0,
2022-Jul-03,0,0,,0,0,
2022-Jul-04,0,0,,0,0,
2022-Jul-05,0,0,,0,0,
2022-Jul-06,0,0,,0,0,
2022-Jul-07,0,0,,0,0,
2022-Jul-08,0,0,,0,0,
2022-Jul-09,0,0,,0,0,
2022-Jul-10,0,0,,0,0,
2022-Jul-11,0,0,,0,0,
2022-Jul-12,0,0,,0,0,
2022-Jul-13,0,0,,0,0,
2022-Jul-14,0,0,,0,0,
2022-Jul-15,0,0,,0,0,
2022-Jul-16,0,0,,0,0,
2022-Jul-17,0,0,,0,0,
2022-Jul-18,0,0,,0,0,
2022-Jul-19,0,0,,0,0,
2022-Jul-20,0,0,,0,0,
2022-Jul-21,0,0,,0,0,
2022-Jul-22,0,0,,0,0,
2022-Jul-23,0,0,,0,0,
2022-Jul-24,0,0,,0,0,
2022-Jul-25,0,0,,0,0,
2022-Jul-26,0,0,,0,0,
2022-Jul-27,0,0,,0,0,
2022-Jul-28,0,0,,0,0,
2022-Jul-29,0,0,,0,0,
2022-Jul-30,0,0,,0,0,
2022-Jul-31,0,0,,0,0,
2022-Aug-01,0,0,,0,0,
2022-Aug-02,0,0,,0,0,
2022-Aug-03,0,0,,0,0,
2022-Aug-04,0,0,,0,0,
2022-Aug-05,0,0,,0,0,
2022-Aug-06,0,0,,0,0,
2022-Aug-07,0,0,,0,0,
2022-Aug-08,0,0,,0,0,
2022-Aug-09,0,0,,0,0,
2022-Aug-10,0,0,,0,0,
2022-Aug-11,0,0,,0,0,
2022-Aug-12,0,0,,0,0,
2022-Aug-13,0,0,,0,0,
2022-Aug-14,0,0,,0,0,
2022-Aug-15,0,0,,0,0,
2022-Aug-16,0,0,,0,0,
2022-Aug-17,0,0,,0,0,
2022-Aug-18,0,0,,0,0,
2022-Aug-19,0,0,,0,0,
2022-Aug-20,0,0,,0,0,
2022-Aug-21,0,0,,0,0,
2022-Aug-22,0,0,,0,0,
2022-Aug-23,0,0,,0,0,
2022-Aug-24,0,0,,0,0,
2022-Aug-25,0,0,,0,0,
2022-Aug-26,0,0,,0,0,
2022-Aug-27,0,0,,0,0,
2022-Aug-28,0,0,,0,0,
2022-Aug-29,0,0,,0,0,
2022-Aug-30,0,0,,0,0,
2022-Aug-31,0,0,,0,0,
2022-Sep-01,0,0,,0,0,
2022-Sep-02,0,0,,0,0,
2022-Sep-03,0,0,,0,0,
2022-Sep-04,0,0,,0,0,
2022-Sep-05,0,0,,0,0,
2022-Sep-06,0,0,,0,0,
2022-Sep-07,0,0,,0,0,
2022-Sep-08,0,0,,0,0,
2022-Sep-09,0,0,,0,0,
2022-Sep-10,0,0,,0,0,
2022-Sep-11,0,0,,0,0,
2022-Sep-12,0,0,,0,0,
2022-Sep-13,0,0,,0,0,
2022-Sep-14,0,0,,0,0,
2022-Sep-15,0,0,,0,0,
2022-Sep-16,0,0,,0,0,
2022-Sep-17,0,0,,0,0,
2022-Sep-18,0,0,,0,0,
2022-Sep-19,0,0,,0,0,
2022-Sep-20,0,0,,0,0,
2022-Sep-21,0,0,,0,0,
2022-Sep-22,0,0,,0,0,
2022-Sep-23,0,0,,0,0,
2022-Sep-24,0,0,,0,0,
2022-Sep-25,0,0,,0,0,
2022-Sep-26,0,0,,0,0,
2022-Sep-27,0,0,,0,0,
2022-Sep-28,0,0,,0,0,
2022-Sep-29,0,0,,0,0,
2022-Sep-30,0,0,,0,0,
2022-Oct-01,0,0,,0,0,
2022-Oct-02,0,0,,0,0,
2022-Oct-03,0,0,,0,0,
2022-Oct-04,0,0,,0,0,
2022-Oct-05,0,0,,0,0,
2022-Oct-06,0,0,,0,0,
2022-Oct-07,0,0,,0,0,
2022-Oct-08,0,0,,0,0,
2022-Oct-09,0,0,,0,0,
2022-Oct-10,0,0,,0,0,
2022-Oct-11,0,0,,0,0,
2022-Oct-12,0,0,,0,0,
2022-Oct-13,0,0,,0,0,
2022-Oct-14,0,0,,0,0,
2022-Oct-15,0,0,,0,0,
2022-Oct-16,0,0,,0,0,
2022-Oct-17,0,0,,0,0,
2022-Oct-18,0,0,,0,0,
2022-Oct-19,0,0,,0,0,
2022-Oct-20,0,0,,0,0,
2022-Oct-21,0,0,,0,0,
2022-Oct-22,0,0,,0,0,
2022-Oct-23,0,0,,0,0,
2022-Oct-24,0,0,,0,0,
2022-Oct-25,0,0,,0,0,
2022-Oct-26,0,0,,0,0,
2022-Oct-27,0,0,,0,0,
2022-Oct-28,0,0,,0,0,
2022-Oct-29,0,0,,0,0,
2022-Oct-30,0,0,,0,0,
2022-Oct-31,0,0,,0,0,
2022-Nov-01,0,0,,0,0,
2022-Nov-02,0,0,,0,0,
2022-Nov-03,0,0,,0,0,
2022-Nov-04,0,0,,0,0,
2022-Nov-05,0,0,,0,0,
2022-Nov-06,0,0,,0,0,
2022-Nov-07,0,0,,0,0,
2022-Nov-08,0,0,,0,0,
2022-Nov-09,0,0,,0,0,
2022-Nov-10,0,0,,0,0,
2022-Nov-11,0,0,,0,0,
2022-Nov-12,0,0,,0,0,
2022-Nov-13,0,0,,0,0,
2022-Nov-14,0,0,,0,0,
2022-Nov-15,0,0,,0,0,
2022-Nov-16,0,0,,0,0,
2022-Nov-17,0,0,,0,0,
2022-Nov-18,0,0,,0,0,
2022-Nov-19,0,0,,0,0,
2022-Nov-20,0,0,,0,0,
2022-Nov-21,0,0,,0,0,
2022-Nov-22,0,0,,0,0,
2022-Nov-23,0,0,,0,0,
2022-Nov-24,0,0,,0,0,
2022-Nov-25,0,0,,0,0,
2022-Nov-26,0,0,,0,0,
2022-Nov-27,0,0,,0,0,
2022-Nov-28,0,0,,0,0,
2022-Nov-29,0,0,,0,0,
2022-Nov-30,0,0,,0,0,
2022-Dec-01,0,0,,0,0,
2022-Dec-02,0,0,,0,0,
2022-Dec-03,0,0,,0,0,
2022-Dec-04,0,0,,0,0,
2022-Dec-05,0,0,,0,0,
2022-Dec-06,0,0,,0,0,
2022-Dec-07,0,0,,0,0,
2022-Dec-08,0,0,,0,0,
2022-Dec-09,0,0,,0,0,
2022-Dec-10,0,0,,0,0,
2022-Dec-11,0,0,,0,0,
2022-Dec-12,0,0,,0,0,
2022-Dec-13,0,0,,0,0,
2022-Dec-14,0,0,,0,0,
2022-Dec-15,0,0,,0,0,
2022-Dec-16,0,0,,0,0,
2022-Dec-17,0,0,,0,0,
2022-Dec-18,0,0,,0,0,
2022-Dec-19,0,0,,0,0,
2022-Dec-20,0,0,,0,0,
2022-Dec-21,0,0,,0,0,
2022-Dec-22,0,0,,0,0,
2022-Dec-23,0,0,,0,0,
2022-Dec-24,0,0,,0,0,
2022-Dec-25,0,0,,0,0,
2022-Dec-26,0,0,,0,0,
2022-Dec-27,0,0,,0,0,
2022-Dec-28,0,0,,0,0,
2022-Dec-29,0,0,,0,0,
2022-Dec-30,0,0,,0,0,
2022-Dec-31,0,0,,0,0,
2023-Jan-01,0,0,,0,0,
2023-Jan-02,0,0,,0,0,
2023-Jan-03,0,0,,0,0,
2023-Jan-04,0,0,,0,0,
2023-Jan-05,0,0,,0,0,
2023-Jan-06,0,0,,0,0,
2023-Jan-07,0,0,,0,0,
2023-Jan-08,0,0,,0,0,
2023-Jan-09,0,0,,0,0,
2023-Jan-10,0,0,,0,0,
2023-Jan-11,0,0,,0,0,
2023-Jan-12,0,0,,0,0,
2023-Jan-13,0,0,,0,0,
2023-Jan-14,0,0,,0,0,
2023-Jan-15,0,0,,0,0,
2023-Jan-16,0,0,,0,0,
2023-Jan-17,0,0,,0,0,
2023-Jan-18,0,0,,0,0,
2023-Jan-19,0,0,,0,0,
2023-Jan-20,0,0,,0,0,
2023-Jan-21,0,0,,0,0,
2023-Jan-22,0,0,,0,0,
2023-Jan-23,0,0,,0,0,
2023-Jan-24,0,0,,0,0,
2023-Jan-25,0,1,,0,0,
2023-Jan-26,1,0,0,1,0,0
2023-Jan-27,2,3,0,1,0,1
2023-Jan-28,2,3,1,1,3,2
2023-Jan-29,3,0,1,2,0,1
2023-Jan-30,3,2,2,2,1,2
2023-Jan-31,1,0,5,1,0,5
2023-Feb-01,1,2,6,1,0,6
2023-Feb-02,3,0,0,1,0,7
2023-Feb-03,3,1,1,1,0,8
2023-Feb-04,2,0,6,1,0,9
2023-Feb-05,5,3,0,4,3,0
2023-Feb-06,2,0,8,1,0,11
2023-Feb-07,2,0,9,1,0,12
2023-Feb-08,2,0,10,1,0,13
2023-Feb-09,2,0,11,1,0,14
2023-Feb-10,2,1,12,1,0,15
2023-Feb-11,1,0,16,1,0,16
2023-Feb-12,7,2,0,3,2,0
2023-Feb-13,5,1,1,1,0,18
2023-Feb-14,4,1,2,1,0,19
2023-Feb-15,3,2,3,1,0,20
2023-Feb-16,1,0,21,1,0,21
2023-Feb-17,1,0,22,1,0,22
2023-Feb-18,1,0,23,1,0,23
2023-Feb-19,3,2,0,3,2,0
2023-Feb-20,1,0,25,1,0,25
2023-Feb-21,1,0,26,1,0,26
2023-Feb-22,1,0,27,1,0,27
2023-Feb-23,1,0,28,1,0,28
2023-Feb-24,1,0,29,1,0,29
2023-Feb-25,1,0,30,1,0,30
2023-Feb-26,4,0,0,4,0,0
2023-Feb-27,4,0,1,4,0,1
2023-Feb-28,4,3,2,4,3,2
2023-Mar-01,1,0,34,1,0,34
2023-Mar-02,2,0,17,1,0,35
2023-Mar-03,2,1,18,1,0,36
2023-Mar-04,1,0,37,1,0,37
2023-Mar-05,2,0,19,2,0,19
2023-Mar-06,2,0,20,2,0,20
2023-Mar-07,2,0,21,2,0,21
2023-Mar-08,2,0,22,2,0,22
2023-Mar-09,3,2,4,3,1,4
2023-Mar-10,3,1,1,2,1,22
2023-Mar-11,2,0,23,1,0,44
2023-Mar-12,5,0,0,4,0,0
2023-Mar-13,5,0,1,4,0,1
2023-Mar-14,5,3,2,4,3,2
2023-Mar-15,2,0,27,1,0,48
2023-Mar-16,5,1,0,1,0,49
2023-Mar-17,4,1,1,1,0,50
2023-Mar-18,5,0,2,1,0,51
2023-Mar-19,5,0,3,1,0,52
2023-Mar-20,5,1,4,1,0,53
2023-Mar-21,5,1,5,1,0,54
2023-Mar-22,5,0,6,1,0,55
2023-Mar-23,5,5,7,1,0,56
2023-Mar-24,7,1,6,1,0,57
2023-Mar-25,7,0,7,1,0,58
2023-Mar-26,7,0,8,1,0,59
2023-Mar-27,7,0,9,1,0,60
2023-Mar-28,7,0,10,1,0,61
2023-Mar-29,7,0,11,1,0,62
2023-Mar-30,7,0,12,1,0,63
2023-Mar-31,8,1,10,2,0,32
2023-Apr-01,7,0,14,2,0,33
2023-Apr-02,7,0,15,2,0,34
2023-Apr-03,7,0,16,2,0,35
2023-Apr-04,8,2,14,3,1,4
2023-Apr-05,8,1,15,2,1,35
2023-Apr-06,7,0,19,1,0,70
2023-Apr-07,7,0,20,1,0,71
2023-Apr-08,7,0,21,1,0,72
2023-Apr-09,7,0,22,1,0,73
2023-Apr-10,7,0,23,1,0,74
2023-Apr-11,7,0,24,1,0,75
2023-Apr-12,7,0,25,1,0,76
2023-Apr-13,7,0,26,1,0,77
2023-Apr-14,8,0,24,1,0,78
2023-Apr-15,8,0,25,1,0,79
2023-Apr-16,8,0,26,1,0,80
2023-Apr-17,8,1,27,1,0,81
2023-Apr-18,7,0,31,1,0,82
2023-Apr-19,7,1,32,1,0,83
2023-Apr-20,7,1,33,1,0,84
2023-Apr-21,6,0,35,1,0,85
2023-Apr-22,6,0,36,1,0,86
2023-Apr-23,6,0,37,1,0,87
2023-Apr-24,6,0,38,1,0,88
2023-Apr-25,6,0,39,1,0,89
2023-Apr-26,6,0,40,1,0,90
2023-Apr-27,6,0,41,1,0,91
2023-Apr-28,6,0,42,1,0,92
2023-Apr-29,6,0,43,1,0,93
2023-Apr-30,6,0,44,1,0,94
2023-May-01,6,0,45,1,0,95
2023-May-02,6,0,46,1,0,96
2023-May-03,6,0,47,1,0,97
2023-May-04,6,0,48,1,0,98
2023-May-05,6,0,49,1,0,99
2023-May-06,6,0,50,1,0,100
2023-May-07,6,0,51,1,0,101
2023-May-08,6,0,52,1,0,102
2023-May-09,6,0,53,1,0,103
2023-May-10,6,0,54,1,0,104
2023-May-11,6,0,55,1,0,105
2023-May-12,6,0,56,1,0,106
2023-May-13,6,0,57,1,0,107
2023-May-14,6,0,58,1,0,108
2023-May-15,6,0,59,1,0,109
2023-May-16,6,0,60,1,0,110
2023-May-17,6,0,61,1,0,111
2023-May-18,6,1,62,1,0,112
2023-May-19,6,4,63,1,0,113
2023-May-20,12,0,0,4,0,0
2023-May-21,14,0,1,5,0,1
2023-May-22,14,18,2,5,5,2
2023-May-23,2,1,59,2,0,59
2023-May-24,3,2,3,2,0,60
2023-May-25,3,0,4,2,0,61
2023-May-26,3,0,5,2,0,62
2023-May-27,3,0,6,2,0,63
2023-May-28,3,0,7,2,0,64
2023-May-29,3,1,8,2,0,65
2023-May-30,3,1,9,2,0,66
2023-May-31,2,1,67,2,1,67
2023-Jun-01,1,0,126,1,0,126
2023-Jun-02,2,0,63,1,0,127
2023-Jun-03,2,0,64,1,0,128
2023-Jun-04,2,0,65,1,0,129
2023-Jun-05,2,0,66,1,0,130
2023-Jun-06,2,0,67,1,0,131
2023-Jun-07,2,0,68,1,0,132
2023-Jun-08,2,0,69,1,0,133
2023-Jun-09,2,0,70,1,0,134
2023-Jun-10,2,0,71,1,0,135
2023-Jun-11,2,0,72,1,0,136
2023-Jun-12,2,0,73,1,0,137
2023-Jun-13,2,0,74,1,0,138
2023-Jun-14,2,0,75,1,0,139
2023-Jun-15,2,0,76,1,0,140
2023-Jun-16,2,0,77,1,0,141
2023-Jun-17,2,0,78,1,0,142
2023-Jun-18,2,0,79,1,0,143
2023-Jun-19,2,0,80,1,0,144
2023-Jun-20,3,0,18,2,0,72
2023-Jun-21,3,0,19,2,0,73
2023-Jun-22,3,0,20,2,0,74
2023-Jun-23,3,0,21,2,0,75
2023-Jun-24,3,0,22,2,0,76
2023-Jun-25,3,0,23,2,0,77
2023-Jun-26,3,0,24,2,0,78
2023-Jun-27,4,2,16,2,0,79
2023-Jun-28,5,0,8,2,0,80
2023-Jun-29,5,2,9,2,0,81
2023-Jun-30,3,3,28,2,0,82
2023-Jul-01,6,0,5,2,0,83
2023-Jul-02,6,0,6,2,0,84
2023-Jul-03,6,3,7,2,0,85
2023-Jul-04,3,0,32,2,0,86
2023-Jul-05,3,0,33,2,0,87
2023-Jul-06,3,0,34,2,0,88
2023-Jul-07,3,0,35,2,0,89
2023-Jul-08,3,0,36,2,0,90
2023-Jul-09,3,0,37,2,0,91
2023-Jul-10,3,0,38,2,0,92
2023-Jul-11,3,1,39,2,0,93
2023-Jul-12,4,1,31,2,1,94
2023-Jul-13,3,0,41,1,0,168
2023-Jul-14,3,0,42,1,0,169
2023-Jul-15,3,0,43,1,0,170
2023-Jul-16,3,0,44,1,0,171
2023-Jul-17,3,0,45,1,0,172
2023-Jul-18,3,0,46,1,0,173
2023-Jul-19,3,0,47,1,0,174
2023-Jul-20,3,0,48,1,0,175
2023-Jul-21,3,0,49,1,0,176
2023-Jul-22,3,0,50,1,0,177
2023-Jul-23,3,0,51,1,0,178
2023-Jul-24,3,0,52,1,0,179
2023-Jul-25,3,0,53,1,0,180
2023-Jul-26,3,0,54,1,0,181
2023-Jul-27,3,0,55,1,0,182
2023-Jul-28,3,0,56,1,0,183
2023-Jul-29,3,0,57,1,0,184
2023-Jul-30,3,0,58,1,0,185
2023-Jul-31,3,0,59,1,0,186
2023-Aug-01,3,0,60,1,0,187
2023-Aug-02,3,0,61,1,0,188
2023-Aug-03,3,1,62,1,0,189
2023-Aug-04,3,1,63,1,0,190
2023-Aug-05,3,0,64,1,0,191
2023-Aug-06,3,0,65,1,0,192
2023-Aug-07,3,0,66,1,0,193
2023-Aug-08,3,0,67,1,0,194
2023-Aug-09,3,0,68,1,0,195
2023-Aug-10,3,0,69,1,0,196
2023-Aug-11,3,0,70,1,0,197
2023-Aug-12,3,0,71,1,0,198
2023-Aug-13,3,0,72,1,0,199
2023-Aug-14,3,0,73,1,0,200
2023-Aug-15,4,1,54,1,0,201
2023-Aug-16,3,0,75,1,0,202
2023-Aug-17,3,0,76,1,0,203
2023-Aug-18,3,0,77,1,0,204
2023-Aug-19,3,0,78,1,0,205
2023-Aug-20,3,0,79,1,0,206
2023-Aug-21,3,0,80,1,0,207
2023-Aug-22,3,0,81,1,0,208
2023-Aug-23,3,0,82,1,0,209
2023-Aug-24,3,0,83,1,0,210
2023-Aug-25,3,0,84,1,0,211
2023-Aug-26,3,0,85,1,0,212
2023-Aug-27,3,0,86,1,0,213
2023-Aug-28,3,0,87,1,0,214
2023-Aug-29,3,0,88,1,0,215
2023-Aug-30,3,0,89,1,0,216
2023-Aug-31,3,0,90,1,0,217
2023-Sep-01,3,0,91,1,0,218
2023-Sep-02,3,0,92,1,0,219
2023-Sep-03,3,0,93,1,0,220
2023-Sep-04,3,0,94,1,0,221
2023-Sep-05,3,0,95,1,0,222
2023-Sep-06,3,0,96,1,0,223
2023-Sep-07,3,0,97,1,0,224
2023-Sep-08,3,0,98,1,0,225
2023-Sep-09,3,0,99,1,0,226
2023-Sep-10,6,0,30,4,0,0
2023-Sep-11,6,0,31,4,0,1
2023-Sep-12,6,0,32,4,0,2
2023-Sep-13,6,0,33,4,0,3
2023-Sep-14,6,3,34,4,3,4
2023-Sep-15,3,0,105,1,0,232
2023-Sep-16,3,0,106,1,0,233
2023-Sep-17,3,0,107,1,0,234
2023-Sep-18,3,0,108,1,0,235
2023-Sep-19,3,0,109,1,0,236
2023-Sep-20,3,0,110,1,0,237
2023-Sep-21,3,0,111,1,0,238
2023-Sep-22,3,0,112,1,0,239
2023-Sep-23,3,0,113,1,0,240
2023-Sep-24,3,0,114,1,0,241
2023-Sep-25,3,0,115,1,0,242
2023-Sep-26,3,0,116,1,0,243
2023-Sep-27,3,0,117,1,0,244
2023-Sep-28,3,0,118,1,0,245
2023-Sep-29,3,0,119,1,0,246
2023-Sep-30,3,0,120,1,0,247
2023-Oct-01,3,0,121,1,0,248
2023-Oct-02,3,0,122,1,0,249
2023-Oct-03,3,0,123,1,0,250
2023-Oct-04,3,0,124,1,0,251
2023-Oct-05,3,0,125,1,0,252
2023-Oct-06,3,0,126,1,0,253
2023-Oct-07,3,0,127,1,0,254
2023-Oct-08,3,0,128,1,0,255
2023-Oct-09,3,0,129,1,0,256
2023-Oct-10,3,0,130,1,0,257
2023-Oct-11,3,0,131,1,0,258
2023-Oct-12,3,0,132,1,0,259
2023-Oct-13,3,0,133,1,0,260
2023-Oct-14,3,0,134,1,0,261
2023-Oct-15,3,0,135,1,0,262
2023-Oct-16,3,0,136,1,0,263
2023-Oct-17,3,0,137,1,0,264
2023-Oct-18,4,0,118,1,0,265
2023-Oct-19,4,0,119,1,0,266
2023-Oct-20,4,0,120,1,0,267
2023-Oct-21,4,0,121,1,0,268
2023-Oct-22,4,0,122,1,0,269
2023-Oct-23,4,0,123,1,0,270
2023-Oct-24,4,0,124,1,0,271
2023-Oct-25,4,0,125,1,0,272
2023-Oct-26,4,0,126,1,0,273
2023-Oct-27,4,0,127,1,0,274
2023-Oct-28,4,0,128,1,0,275
2023-Oct-29,4,0,129,1,0,276
2023-Oct-30,4,0,130,1,0,277
2023-Oct-31,4,0,131,1,0,278
2023-Nov-01,4,0,132,1,0,279
2023-Nov-02,4,0,133,1,0,280
2023-Nov-03,4,0,134,1,0,281
2023-Nov-04,4,0,135,1,0,282
2023-Nov-05,4,0,136,1,0,283
2023-Nov-06,4,0,137,1,0,284
2023-Nov-07,4,0,138,1,0,285
2023-Nov-08,4,0,139,1,0,286
2023-Nov-09,4,0,140,1,0,287
2023-Nov-10,4,0,141,1,0,288
2023-Nov-11,4,0,142,1,0,289
2023-Nov-12,4,0,143,1,0,290
2023-Nov-13,4,0,144,1,0,291
2023-Nov-14,4,0,145,1,0,292
2023-Nov-15,4,0,146,1,0,293
2023-Nov-16,4,0,147,1,0,294
2023-Nov-17,4,0,148,1,0,295
2023-Nov-18,4,0,149,1,0,296
2023-Nov-19,4,0,150,1,0,297
2023-Nov-20,4,0,151,1,0,298
2023-Nov-21,4,0,152,1,0,299
2023-Nov-22,4,0,153,1,0,300
2023-Nov-23,4,0,154,1,0,301
2023-Nov-24,4,0,155,1,0,302
2023-Nov-25,4,0,156,1,0,303
2023-Nov-26,4,0,157,1,0,304
2023-Nov-27,4,0,158,1,0,305
2023-Nov-28,4,0,159,1,0,306
2023-Nov-29,4,0,160,1,0,307
2023-Nov-30,4,0,161,1,0,308
2023-Dec-01,4,0,162,1,0,309
2023-Dec-02,4,0,163,1,0,310
2023-Dec-03,4,0,164,1,0,311
2023-Dec-04,4,0,165,1,0,312
2023-Dec-05,4,0,166,1,0,313
2023-Dec-06,4,0,167,1,0,314
2023-Dec-07,4,0,168,1,0,315
2023-Dec-08,4,0,169,1,0,316
2023-Dec-09,4,0,170,1,0,317
2023-Dec-10,4,0,171,1,0,318
2023-Dec-11,4,0,172,1,0,319
2023-Dec-12,4,0,173,1,0,320
2023-Dec-13,4,0,174,1,0,321
2023-Dec-14,4,0,175,1,0,322
2023-Dec-15,5,0,156,2,0,161
2023-Dec-16,5,0,157,2,0,162
2023-Dec-17,5,0,158,2,0,163
2023-Dec-18,5,0,159,2,0,164
2023-Dec-19,5,0,160,2,0,165
2023-Dec-20,5,0,161,2,0,166
2023-Dec-21,5,0,162,2,0,167
2023-Dec-22,5,0,163,2,0,168
2023-Dec-23,5,0,164,2,0,169
2023-Dec-24,5,0,165,2,0,170
2023-Dec-25,5,0,166,2,0,171
2023-Dec-26,5,0,167,2,0,172
2023-Dec-27,5,0,168,2,0,173
2023-Dec-28,5,0,169,2,0,174
2023-Dec-29,5,0,170,2,0,175
2023-Dec-30,5,0,171,2,0,176
2023-Dec-31,5,0,172,2,0,177
2024-Jan-01,5,0,173,2,0,178
2024-Jan-02,5,0,174,2,0,179
2024-Jan-03,5,0,175,2,0,180
2024-Jan-04,5,0,176,2,0,181
2024-Jan-05,5,0,177,2,0,182
2024-Jan-06,5,0,178,2,0,183
2024-Jan-07,5,0,179,2,0,184
2024-Jan-08,5,0,180,2,0,185
2024-Jan-09,5,0,181,2,0,186
2024-Jan-10,5,0,182,2,0,187
2024-Jan-11,5,0,183,2,0,188
2024-Jan-12,5,0,184,2,0,189
2024-Jan-13,5,0,185,2,0,190
2024-Jan-14,5,0,186,2,0,191
2024-Jan-15,5,0,187,2,0,192
2024-Jan-16,5,0,188,2,0,193
2024-Jan-17,5,0,189,2,0,194
2024-Jan-18,5,0,190,2,0,195
2024-Jan-19,5,0,191,2,0,196
2024-Jan-20,5,0,192,2,0,197
2024-Jan-21,5,0,193,2,0,198
2024-Jan-22,5,0,194,2,0,199
2024-Jan-23,5,0,195,2,0,200
2024-Jan-24,5,0,196,2,0,201
2024-Jan-25,5,0,197,2,0,202
2024-Jan-26,5,0,198,2,0,203
2024-Jan-27,6,0,150,2,0,204
2024-Jan-28,6,0,151,2,0,205
2024-Jan-29,6,0,152,2,0,206
2024-Jan-30,6,0,153,2,0,207
2024-Jan-31,6,0,154,2,0,208
2024-Feb-01,6,0,155,2,0,209
2024-Feb-02,6,0,156,2,0,210
2024-Feb-03,6,0,157,2,0,211
2024-Feb-04,6,0,158,2,0,212
2024-Feb-05,6,0,159,2,0,213
2024-Feb-06,6,0,160,2,0,214
2024-Feb-07,6,0,161,2,0,215
2024-Feb-08,6,0,162,2,0,216
2024-Feb-09,6,1,163,2,0,217
2024-Feb-10,6,0,164,2,0,218
2024-Feb-11,6,0,165,2,0,219
2024-Feb-12,6,0,166,2,0,220
2024-Feb-13,6,0,167,2,0,221
2024-Feb-14,6,0,168,2,0,222
2024-Feb-15,6,0,169,2,0,223
2024-Feb-16,6,0,170,2,0,224
2024-Feb-17,6,0,171,2,0,225
2024-Feb-18,6,0,172,2,0,226
2024-Feb-19,6,0,173,2,0,227
2024-Feb-20,6,0,174,2,0,228
2024-Feb-21,6,0,175,2,0,229
2024-Feb-22,6,0,176,2,0,230
2024-Feb-23,6,0,177,2,0,231
2024-Feb-24,6,0,178,2,0,232
2024-Feb-25,6,0,179,2,0,233
2024-Feb-26,6,0,180,2,0,234
2024-Feb-27,6,0,181,2,0,235
2024-Feb-28,6,0,182,2,0,236
2024-Feb-29,6,0,183,2,0,237
2024-Mar-01,6,0,184,2,0,238
2024-Mar-02,6,0,185,2,0,239
2024-Mar-03,6,0,186,2,0,240
2024-Mar-04,6,0,187,2,0,241
2024-Mar-05,6,0,188,2,0,242
2024-Mar-06,6,0,189,2,0,243
2024-Mar-07,6,0,190,2,0,244
2024-Mar-08,6,0,191,2,0,245
2024-Mar-09,6,0,192,2,0,246
2024-Mar-10,6,0,193,2,0,247
2024-Mar-11,6,0,194,2,0,248
2024-Mar-12,6,0,195,2,0,249
2024-Mar-13,6,0,196,2,0,250
2024-Mar-14,6,0,197,2,0,251
2024-Mar-15,6,0,198,2,0,252
2024-Mar-16,6,0,199,2,0,253
2024-Mar-17,6,0,200,2,0,254
2024-Mar-18,6,0,201,2,0,255
2024-Mar-19,6,0,202,2,0,256
2024-Mar-20,6,0,203,2,0,257
2024-Mar-21,6,0,204,2,0,258
2024-Mar-22,6,0,205,2,0,259
2024-Mar-23,6,0,206,2,0,260
2024-Mar-24,6,0,207,2,0,261
2024-Mar-25,6,0,208,2,0,262
2024-Mar-26,6,0,209,2,0,263
2024-Mar-27,6,0,210,2,0,264
2024-Mar-28,6,0,211,2,0,265
2024-Mar-29,6,0,212,2,0,266
2024-Mar-30,6,0,213,2,0,267
2024-Mar-31,6,0,214,2,0,268
2024-Apr-01,6,0,215,2,0,269
2024-Apr-02,6,0,216,2,0,270
2024-Apr-03,6,0,217,2,0,271
2024-Apr-04,6,0,218,2,0,272
2024-Apr-05,6,0,219,2,0,273
2024-Apr-06,6,0,220,2,0,274
2024-Apr-07,6,0,221,2,0,275
2024-Apr-08,6,0,222,2,0,276
2024-Apr-09,6,0,223,2,0,277
2024-Apr-10,6,0,224,2,0,278
2024-Apr-11,6,0,225,2,0,279
2024-Apr-12,6,0,226,2,0,280
2024-Apr-13,6,0,227,2,0,281
2024-Apr-14,6,0,228,2,0,282
2024-Apr-15,6,0,229,2,0,283
2024-Apr-16,6,0,230,2,0,284
2024-Apr-17,6,0,231,2,0,285
2024-Apr-18,6,0,232,2,0,286
2024-Apr-19,6,0,233,2,0,287
2024-Apr-20,6,0,234,2,0,288
2024-Apr-21,6,0,235,2,0,289
2024-Apr-22,6,0,236,2,0,290
2024-Apr-23,6,0,237,2,0,291
2024-Apr-24,6,0,238,2,0,292
2024-Apr-25,6,0,239,2,0,293
2024-Apr-26,7,0,191,2,0,294
2024-Apr-27,7,0,192,2,0,295
2024-Apr-28,7,0,193,2,0,296
2024-Apr-29,7,1,194,2,0,297
2024-Apr-30,6,0,244,2,0,298
2024-May-01,6,0,245,2,0,299
2024-May-02,6,0,246,2,0,300
2024-May-03,6,0,247,2,0,301
2024-May-04,7,0,199,2,0,302
2024-May-05,7,0,200,2,0,303
2024-May-06,7,1,201,2,0,304
2024-May-07,6,0,251,2,0,305
2024-May-08,6,0,252,2,0,306
2024-May-09,6,0,253,2,0,307
2024-May-10,6,0,254,2,0,308
2024-May-11,6,0,255,2,0,309
2024-May-12,6,0,256,2,0,310
2024-May-13,6,0,257,2,0,311
2024-May-14,6,0,258,2,0,312
2024-May-15,6,0,259,2,0,313
2024-May-16,6,0,260,2,0,314
2024-May-17,6,0,261,2,0,315
2024-May-18,6,0,262,2,0,316
2024-May-19,6,0,263,2,0,317
2024-May-20,6,0,264,2,0,318
2024-May-21,6,0,265,2,0,319
2024-May-22,8,0,188,4,0,79
2024-May-23,16,0,0,5,0,1
2024-May-24,16,0,1,5,0,2
2024-May-25,16,0,2,5,0,3
2024-May-26,16,1,3,5,0,4
2024-May-27,15,0,5,5,0,5
2024-May-28,15,0,6,5,0,6
2024-May-29,15,1,7,5,0,7
2024-May-30,14,0,8,5,0,8
2024-May-31,14,0,9,5,0,9
2024-Jun-01,14,0,10,5,0,10
2024-Jun-02,14,0,11,5,0,11
2024-Jun-03,14,0,12,5,0,12
2024-Jun-04,14,1,13,5,1,13
2024-Jun-05,13,1,14,4,1,93
2024-Jun-06,13,0,14,3,0,15
2024-Jun-07,13,0,15,3,0,16
2024-Jun-08,13,0,16,3,0,17
2024-Jun-09,13,0,17,3,0,18
2024-Jun-10,13,0,18,3,0,19
2024-Jun-11,13,1,19,3,1,20
2024-Jun-12,13,0,20,2,0,261
2024-Jun-13,13,0,21,2,0,262
2024-Jun-14,13,0,22,2,0,263
2024-Jun-15,13,0,23,2,0,264
2024-Jun-16,13,0,24,2,0,265
2024-Jun-17,13,0,25,2,0,266
2024-Jun-18,13,0,26,2,0,267
2024-Jun-19,13,0,27,2,0,268
2024-Jun-20,13,0,28,2,0,269
2024-Jun-21,13,0,29,2,0,270
2024-Jun-22,13,0,30,2,0,271
2024-Jun-23,13,0,31,2,0,272
2024-Jun-24,13,0,32,2,0,273
2024-Jun-25,13,0,33,2,0,274
2024-Jun-26,14,0,34,3,0,34
2024-Jun-27,14,0,35,3,0,35
2024-Jun-28,14,0,36,3,0,36
2024-Jun-29,14,0,37,3,0,37
2024-Jun-30,14,0,38,3,0,38
2024-Jul-01,14,0,39,3,0,39
2024-Jul-02,14,0,40,3,0,40
2024-Jul-03,14,0,41,3,0,41
2024-Jul-04,14,0,42,3,0,42
2024-Jul-05,14,4,43,3,2,43
2024-Jul-06,11,0,44,1,0,527
2024-Jul-07,11,0,45,1,0,528
2024-Jul-08,11,0,46,1,0,529
2024-Jul-09,11,0,47,1,0,530
2024-Jul-10,11,0,48,1,0,531
2024-Jul-11,11,0,49,1,0,532
2024-Jul-12,11,0,50,1,0,533
2024-Jul-13,11,0,51,1,0,534
2024-Jul-14,11,0,52,1,0,535
2024-Jul-15,11,0,53,1,0,536
2024-Jul-16,11,0,54,1,0,537
2024-Jul-17,11,0,55,1,0,538
2024-Jul-18,11,0,56,1,0,539
2024-Jul-19,11,0,57,1,0,540
2024-Jul-20,11,0,58,1,0,541
2024-Jul-21,11,0,59,1,0,542
2024-Jul-22,11,0,60,1,0,543
2024-Jul-23,11,0,61,1,0,544
2024-Jul-24,11,0,62,1,0,545
2024-Jul-25,11,0,63,1,0,546
2024-Jul-26,11,0,64,1,0,547
2024-Jul-27,11,0,65,1,0,548
2024-Jul-28,11,0,66,1,0,549
2024-Jul-29,11,0,67,1,0,550
2024-Jul-30,11,2,68,1,0,551
2024-Jul-31,10,1,127,1,0,552
2024-Aug-01,9,0,187,1,0,553
2024-Aug-02,9,0,188,1,0,554
2024-Aug-03,9,0,189,1,0,555
2024-Aug-04,9,0,190,1,0,556
2024-Aug-05,9,0,191,1,0,557
2024-Aug-06,9,0,192,1,0,558
2024-Aug-07,9,0,193,1,0,559
2024-Aug-08,9,5,194,1,0,560
2024-Aug-09,6,1,245,1,0,561
2024-Aug-10,6,0,246,1,0,562
2024-Aug-11,6,0,247,1,0,563
2024-Aug-12,6,0,248,1,0,564
2024-Aug-13,6,0,249,1,0,565
2024-Aug-14,6,0,250,1,0,566
2024-Aug-15,6,1,251,1,0,567
2024-Aug-16,5,0,303,1,0,568
2024-Aug-17,5,0,304,1,0,569
2024-Aug-18,5,0,305,1,0,570
2024-Aug-19,5,0,306,1,0,571
2024-Aug-20,5,0,307,1,0,572
2024-Aug-21,5,0,308,1,0,573
2024-Aug-22,5,0,309,1,0,574
2024-Aug-23,5,0,310,1,0,575
2024-Aug-24,5,0,311,1,0,576
2024-Aug-25,5,0,312,1,0,577
2024-Aug-26,5,0,313,1,0,578
2024-Aug-27,5,0,314,1,0,579
2024-Aug-28,5,0,315,1,0,580
2024-Aug-29,5,0,316,1,0,581
2024-Aug-30,5,0,317,1,0,582
2024-Aug-31,5,0,318,1,0,583
2024-Sep-01,5,0,319,1,0,584
2024-Sep-02,5,0,320,1,0,585
2024-Sep-03,5,0,321,1,0,586
2024-Sep-04,5,0,322,1,0,587
2024-Sep-05,5,0,323,1,0,588
2024-Sep-06,5,0,324,1,0,589
2024-Sep-07,5,0,325,1,0,590
2024-Sep-08,5,0,326,1,0,591
2024-Sep-09,5,0,327,1,0,592
2024-Sep-10,5,0,328,1,0,593
2024-Sep-11,5,0,329,1,0,594
2024-Sep-12,5,0,330,1,0,595
2024-Sep-13,5,0,331,1,0,596
2024-Sep-14,5,0,332,1,0,597
2024-Sep-15,5,0,333,1,0,598
2024-Sep-16,5,0,334,1,0,599
2024-Sep-17,5,0,335,1,0,600
2024-Sep-18,5,0,336,1,0,601
2024-Sep-19,5,0,337,1,0,602
2024-Sep-20,7,0,237,1,0,603
2024-Sep-21,7,0,238,1,0,604
2024-Sep-22,7,0,239,1,0,605
2024-Sep-23,7,0,240,1,0,606
2024-Sep-24,7,0,241,1,0,607
2024-Sep-25,7,0,242,1,0,608
2024-Sep-26,7,0,243,1,0,609
2024-Sep-27,8,0,178,1,0,610
2024-Sep-28,8,0,179,1,0,611
2024-Sep-29,8,0,180,1,0,612
2024-Sep-30,8,1,181,1,0,613
2024-Oct-01,7,0,248,1,0,614
2024-Oct-02,7,0,249,1,0,615
2024-Oct-03,7,0,250,1,0,616
2024-Oct-04,7,0,251,1,0,617
2024-Oct-05,7,0,252,1,0,618
2024-Oct-06,7,0,253,1,0,619
2024-Oct-07,7,0,254,1,0,620
2024-Oct-08,8,0,189,1,0,621
2024-Oct-09,11,0,19,4,0,0
2024-Oct-10,11,0,20,4,0,1
2024-Oct-11,11,0,21,4,0,2
2024-Oct-12,14,0,13,4,0,3
2024-Oct-13,14,0,14,4,0,4
2024-Oct-14,14,0,15,4,0,5
2024-Oct-15,14,0,16,4,0,6
2024-Oct-16,14,0,17,4,0,7
2024-Oct-17,14,1,18,4,0,8
2024-Oct-18,14,2,19,4,0,9
2024-Oct-19,13,0,29,4,0,10
2024-Oct-20,13,0,30,4,0,11
2024-Oct-21,14,3,21,5,2,12
2024-Oct-22,11,0,32,3,0,13
2024-Oct-23,11,0,33,3,0,14
2024-Oct-24,11,0,34,3,0,15
2024-Oct-25,11,0,35,3,0,16
2024-Oct-26,11,0,36,3,0,17
2024-Oct-27,11,0,37,3,0,18
2024-Oct-28,11,0,38,3,0,19
2024-Oct-29,11,0,39,3,0,20
2024-Oct-30,11,0,40,3,0,21
2024-Oct-31,11,0,41,3,0,22
2024-Nov-01,11,0,42,3,0,23
2024-Nov-02,11,0,43,3,0,24
2024-Nov-03,11,0,44,3,0,25
2024-Nov-04,11,0,45,3,0,26
2024-Nov-05,11,0,46,3,0,27
2024-Nov-06,11,0,47,3,0,28
2024-Nov-07,11,0,48,3,0,29
2024-Nov-08,11,0,49,3,0,30
2024-Nov-09,11,0,50,3,0,31
2024-Nov-10,11,0,51,3,0,32
2024-Nov-11,11,0,52,3,0,33
2024-Nov-12,11,0,53,3,0,34
2024-Nov-13,11,0,54,3,0,35
2024-Nov-14,11,0,55,3,0,36
2024-Nov-15,11,0,56,3,0,37
2024-Nov-16,11,0,57,3,0,38
2024-Nov-17,11,0,58,3,0,39
2024-Nov-18,11,0,59,3,0,40
2024-Nov-19,11,0,60,3,0,41
2024-Nov-20,11,0,61,3,0,42
2024-Nov-21,11,0,62,3,0,43
2024-Nov-22,11,0,63,3,0,44
2024-Nov-23,12,0,64,3,0,45
2024-Nov-24,12,0,65,3,0,46
2024-Nov-25,12,0,66,3,0,47
2024-Nov-26,12,0,67,3,0,48
2024-Nov-27,12,0,68,3,0,49
2024-Nov-28,12,0,69,3,0,50
2024-Nov-29,12,0,70,3,0,51
2024-Nov-30,12,0,71,3,0,52
2024-Dec-01,12,0,72,3,0,53
2024-Dec-02,12,0,73,3,0,54
2024-Dec-03,12,0,74,3,0,55
2024-Dec-04,12,0,75,3,0,56
2024-Dec-05,13,2,76,3,0,57
2024-Dec-06,11,0,77,3,0,58
2024-Dec-07,12,0,78,4,0,59
2024-Dec-08,12,0,79,4,0,60
2024-Dec-09,12,0,80,4,0,61
2024-Dec-10,12,0,81,4,0,62
2024-Dec-11,12,0,82,4,0,63
2024-Dec-12,12,2,83,4,0,64
2024-Dec-13,14,0,63,4,0,65
2024-Dec-14,14,0,64,4,0,66
2024-Dec-15,14,0,65,4,0,67
2024-Dec-16,14,0,66,4,0,68
2024-Dec-17,15,0,66,4,0,69
2024-Dec-18,15,0,67,4,0,70
2024-Dec-19,15,0,68,4,0,71
2024-Dec-20,15,0,69,4,0,72
2024-Dec-21,15,0,70,4,0,73
2024-Dec-22,15,0,71,4,0,74
2024-Dec-23,15,0,72,4,0,75
2024-Dec-24,15,0,73,4,0,76
2024-Dec-25,15,0,74,4,0,77
2024-Dec-26,15,0,75,4,0,78
2024-Dec-27,15,0,76,4,0,79
2024-Dec-28,15,0,77,4,0,80
2024-Dec-29,15,0,78,4,0,81
2024-Dec-30,15,0,79,4,0,82
2024-Dec-31,15,0,80,4,0,83
2025-Jan-01,15,0,81,4,0,84
2025-Jan-02,15,0,82,4,0,85
2025-Jan-03,15,0,83,4,0,86
2025-Jan-04,15,0,84,4,0,87
2025-Jan-05,15,0,85,4,0,88
2025-Jan-06,15,0,86,4,0,89
2025-Jan-07,15,0,87,4,0,90
2025-Jan-08,15,0,88,4,0,91
2025-Jan-09,15,0,89,4,0,92
2025-Jan-10,15,0,90,4,0,93
2025-Jan-11,15,0,91,4,0,94
2025-Jan-12,15,0,92,4,0,95
2025-Jan-13,15,0,93,4,0,96
2025-Jan-14,15,3,94,4,0,97
2025-Jan-15,12,0,98,4,0,98
2025-Jan-16,12,0,99,4,0,99
2025-Jan-17,12,0,100,4,0,100
2025-Jan-18,12,1,101,4,1,101
2025-Jan-19,13,0,99,5,0,43
2025-Jan-20,13,0,100,5,0,44
2025-Jan-21,13,0,101,5,0,45
2025-Jan-22,13,1,102,5,1,46
2025-Jan-23,12,0,104,4,0,76
2025-Jan-24,12,0,105,4,0,77
2025-Jan-25,12,0,106,4,0,78
2025-Jan-26,12,0,107,4,0,79
2025-Jan-27,12,0,108,4,0,80
2025-Jan-28,12,0,109,4,0,81
2025-Jan-29,12,0,110,4,0,82
2025-Jan-30,12,0,111,4,0,83
2025-Jan-31,12,0,112,4,0,84
2025-Feb-01,14,0,84,4,0,85
2025-Feb-02,14,0,85,4,0,86
2025-Feb-03,14,0,86,4,0,87
2025-Feb-04,14,0,87,4,0,88
2025-Feb-05,15,0,60,4,0,89
2025-Feb-06,15,0,61,4,0,90
2025-Feb-07,15,0,62,4,0,91
2025-Feb-08,15,1,63,4,1,92
2025-Feb-09,15,0,64,4,0,93
2025-Feb-10,15,0,65,4,0,94
2025-Feb-11,15,0,66,4,0,95
2025-Feb-12,15,0,67,4,0,96
2025-Feb-13,15,0,68,4,0,97
2025-Feb-14,15,0,69,4,0,98
2025-Feb-15,15,0,70,4,0,99
2025-Feb-16,15,0,71,4,0,100
2025-Feb-17,15,0,72,4,0,101
2025-Feb-18,15,0,73,4,0,102
2025-Feb-19,15,0,74,4,0,103
2025-Feb-20,15,0,75,4,0,104
2025-Feb-21,16,0,73,4,0,105
2025-Feb-22,16,0,74,4,0,106
2025-Feb-23,16,0,75,4,0,107
2025-Feb-24,16,2,76,4,0,108
2025-Feb-25,14,0,108,4,0,109
2025-Feb-26,14,2,109,4,0,110
2025-Feb-27,12,0,110,4,0,111
2025-Feb-28,12,0,111,4,0,112
2025-Mar-01,12,0,112,4,0,113
2025-Mar-02,12,0,113,4,0,114
2025-Mar-03,12,0,114,4,0,115
2025-Mar-04,12,0,115,4,0,116
2025-Mar-05,12,0,116,4,0,117
2025-Mar-06,12,0,117,4,0,118
2025-Mar-07,12,0,118,4,0,119
2025-Mar-08,12,0,119,4,0,120
2025-Mar-09,12,0,120,4,0,121
2025-Mar-10,12,0,121,4,0,122
2025-Mar-11,12,1,122,4,0,123
2025-Mar-12,13,1,95,4,0,124
2025-Mar-13,12,0,124,4,0,125
2025-Mar-14,12,0,125,4,0,126
2025-Mar-15,12,0,126,4,0,127
2025-Mar-16,12,0,127,4,0,128
2025-Mar-17,12,0,128,4,0,129
2025-Mar-18,12,0,129,4,0,130
2025-Mar-19,12,0,130,4,0,131
2025-Mar-20,12,0,131,4,0,132
2025-Mar-21,12,0,132,4,0,133
2025-Mar-22,12,0,133,4,0,134
2025-Mar-23,12,0,134,4,0,135
2025-Mar-24,12,0,135,4,0,136
2025-Mar-25,12,0,136,4,0,137
2025-Mar-26,12,0,137,4,0,138
2025-Mar-27,12,0,138,4,0,139
2025-Mar-28,12,0,139,4,0,140
2025-Mar-29,12,0,140,4,0,141
2025-Mar-30,12,0,141,4,0,142
2025-Mar-31,12,0,142,4,0,143
2025-Apr-01,12,0,143,4,0,144
2025-Apr-02,12,0,144,4,0,145
2025-Apr-03,12,0,145,4,0,146
2025-Apr-04,12,0,146,4,0,147
2025-Apr-05,12,0,147,4,0,148
2025-Apr-06,12,0,148,4,0,149
2025-Apr-07,12,0,149,4,0,150
2025-Apr-08,12,0,150,4,0,151
2025-Apr-09,12,0,151,4,0,152
2025-Apr-10,12,0,152,4,0,153
2025-Apr-11,12,0,153,4,0,154
2025-Apr-12,12,0,154,4,0,155
2025-Apr-13,12,0,155,4,0,156
2025-Apr-14,12,0,156,4,0,157
2025-Apr-15,12,0,157,4,0,158
2025-Apr-16,12,0,158,4,0,159
2025-Apr-17,12,0,159,4,0,160
2025-Apr-18,12,0,160,4,0,161
2025-Apr-19,12,0,161,4,0,162
2025-Apr-20,12,0,162,4,0,163
2025-Apr-21,12,0,163,4,0,164
2025-Apr-22,13,0,136,4,0,165
2025-Apr-23,13,1,137,4,0,166
2025-Apr-24,12,3,166,4,1,167
2025-Apr-25,12,1,136,3,0,139
2025-Apr-26,11,0,140,3,0,140
2025-Apr-27,12,0,138,4,0,109
2025-Apr-28,12,0,139,4,0,110
2025-Apr-29,12,1,140,4,0,111
2025-Apr-30,12,0,141,4,0,112
2025-May-01,12,0,142,4,0,113
2025-May-02,12,0,143,4,0,114
2025-May-03,12,0,144,4,0,115
2025-May-04,12,0,145,4,0,116
2025-May-05,12,0,146,4,0,117
2025-May-06,12,0,147,4,0,118
2025-May-07,13,0,145,4,0,119
2025-May-08,13,0,146,4,0,120
2025-May-09,13,1,147,4,0,121
2025-May-10,12,0,151,4,0,122
2025-May-11,12,0,152,4,0,123
2025-May-12,12,0,153,4,0,124
2025-May-13,12,0,154,4,0,125
2025-May-14,12,0,155,4,0,126
2025-May-15,12,0,156,4,0,127
2025-May-16,12,0,157,4,0,128
2025-May-17,12,0,158,4,0,129
2025-May-18,12,0,159,4,0,130
2025-May-19,12,0,160,4,0,131
2025-May-20,12,0,161,4,0,132
2025-May-21,12,0,162,4,0,133
2025-May-22,12,0,163,4,0,134
2025-May-23,12,0,164,4,0,135
2025-May-24,12,0,165,4,0,136
2025-May-25,12,0,166,4,0,137
2025-May-26,12,0,167,4,0,138
2025-May-27,12,0,168,4,0,139
2025-May-28,12,0,169,4,0,140
2025-May-29,12,0,170,4,0,141
2025-May-30,13,0,168,4,0,142
2025-May-31,14,0,169,4,0,143
2025-Jun-01,14,0,170,4,0,144
2025-Jun-02,14,0,171,4,0,145
2025-Jun-03,15,0,172,5,0,114
2025-Jun-04,15,1,173,5,1,115
2025-Jun-05,14,0,174,4,0,148
2025-Jun-06,14,7,175,4,1,149
2025-Jun-07,11,0,122,6,0,2
2025-Jun-08,11,0,123,6,0,3
2025-Jun-09,11,1,124,6,1,4
2025-Jun-10,10,1,155,5,0,7
2025-Jun-11,9,2,186,5,2,8
2025-Jun-12,9,1,187,5,1,9
2025-Jun-13,8,0,280,4,0,99
2025-Jun-14,8,0,281,4,0,100
2025-Jun-15,9,0,190,5,0,12
2025-Jun-16,9,0,191,5,0,13
2025-Jun-17,9,0,192,5,0,14
2025-Jun-18,9,0,193,5,0,15
2025-Jun-19,9,0,194,5,0,16
2025-Jun-20,9,0,195,5,0,17
2025-Jun-21,9,0,196,5,0,18
2025-Jun-22,9,0,197,5,0,19
2025-Jun-23,9,0,198,5,0,20
2025-Jun-24,10,2,169,5,1,21
2025-Jun-25,8,0,292,4,0,111
2025-Jun-26,8,0,293,4,0,112
2025-Jun-27,8,0,294,4,0,113
2025-Jun-28,8,0,295,4,0,114
2025-Jun-29,9,0,204,5,0,26
2025-Jun-30,9,0,205,5,0,27
2025-Jul-01,9,0,206,5,0,28
2025-Jul-02,9,0,207,5,0,29
2025-Jul-03,9,2,208,5,2,30
2025-Jul-04,9,0,209,3,0,209
2025-Jul-05,9,0,210,3,0,210
2025-Jul-06,11,0,151,5,0,33
2025-Jul-07,11,1,152,5,0,34
2025-Jul-08,10,0,183,5,0,35
2025-Jul-09,10,0,184,5,0,36
2025-Jul-10,10,0,185,5,0,37
2025-Jul-11,10,2,186,5,2,38
2025-Jul-12,9,0,217,3,0,217
2025-Jul-13,11,0,158,5,0,40
2025-Jul-14,11,0,159,5,0,41
2025-Jul-15,11,2,160,5,1,42
2025-Jul-16,9,0,221,4,0,132
2025-Jul-17,9,0,222,4,0,133
2025-Jul-18,9,1,223,4,1,134
2025-Jul-19,8,0,316,3,0,224
2025-Jul-20,10,0,195,5,0,47
2025-Jul-21,10,1,196,5,1,48
2025-Jul-22,9,0,227,4,0,138
2025-Jul-23,9,0,228,4,0,139
2025-Jul-24,9,1,229,4,1,140
2025-Jul-25,8,0,322,3,0,230
2025-Jul-26,8,0,323,3,0,231
2025-Jul-27,10,0,202,5,0,54
2025-Jul-28,10,1,203,5,1,55
2025-Jul-29,9,1,234,4,1,145
2025-Jul-30,8,0,327,3,0,235
2025-Jul-31,8,0,328,3,0,236
2025-Aug-01,8,0,329,3,0,237
2025-Aug-02,8,0,330,3,0,238
2025-Aug-03,9,0,239,4,0,150
2025-Aug-04,9,0,240,4,0,151
2025-Aug-05,10,2,211,4,1,152
2025-Aug-06,10,0,212,4,0,153
2025-Aug-07,11,0,183,5,0,65
2025-Aug-08,11,0,184,5,0,66
2025-Aug-09,11,0,185,5,0,67
2025-Aug-10,12,0,127,6,0,36
2025-Aug-11,12,2,128,6,1,37
2025-Aug-12,11,0,188,5,0,70
2025-Aug-13,11,4,189,5,3,71
2025-Aug-14,8,4,342,3,4,250
2025-Aug-15,8,2,343,3,2,251
2025-Aug-16,9,0,252,3,0,252
2025-Aug-17,10,0,223,4,0,131
2025-Aug-18,10,0,224,4,0,132
2025-Aug-19,10,1,225,4,0,133
2025-Aug-20,9,1,256,4,1,134
2025-Aug-21,8,0,349,3,0,257
2025-Aug-22,8,0,350,3,0,258
2025-Aug-23,8,0,351,3,0,259
2025-Aug-24,9,0,260,4,0,138
2025-Aug-25,9,0,261,4,0,139
2025-Aug-26,9,0,262,4,0,140
2025-Aug-27,9,0,263,4,0,141
2025-Aug-28,9,0,264,4,0,142
2025-Aug-29,9,0,265,4,0,143
2025-Aug-30,9,0,266,4,0,144
2025-Aug-31,9,0,267,4,0,145
2025-Sep-01,9,0,268,4,0,146
2025-Sep-02,9,0,269,4,0,147
2025-Sep-03,9,0,270,4,0,148
2025-Sep-04,9,0,271,4,0,149
2025-Sep-05,9,0,272,4,0,150
2025-Sep-06,9,0,273,4,0,151
2025-Sep-07,9,0,274,4,0,152
2025-Sep-08,9,0,275,4,0,153
2025-Sep-09,9,0,276,4,0,154
2025-Sep-10,9,0,277,4,0,155
2025-Sep-11,9,0,278,4,0,156
2025-Sep-12,9,0,279,4,0,157
2025-Sep-13,9,0,280,4,0,158
2025-Sep-14,9,0,281,4,0,159
2025-Sep-15,10,2,252,5,2,39
2025-Sep-16,8,0,375,3,0,283
2025-Sep-17,8,0,376,3,0,284
2025-Sep-18,8,0,377,3,0,285
2025-Sep-19,8,0,378,3,0,286
2025-Sep-20,8,0,379,3,0,287
2025-Sep-21,10,0,258,5,0,45
2025-Sep-22,10,2,259,5,2,46
2025-Sep-23,8,0,382,3,0,290
2025-Sep-24,8,0,383,3,0,291
2025-Sep-25,8,0,384,3,0,292
2025-Sep-26,8,0,385,3,0,293
2025-Sep-27,8,0,386,3,0,294
2025-Sep-28,10,0,265,5,0,52
2025-Sep-29,10,0,266,5,0,53
2025-Sep-30,10,0,267,5,0,54
2025-Oct-01,10,2,268,5,2,55
2025-Oct-02,8,0,391,3,0,299
2025-Oct-03,8,0,392,3,0,300
2025-Oct-04,8,0,393,3,0,301
2025-Oct-05,10,0,272,5,0,59
2025-Oct-06,10,2,273,5,2,60
2025-Oct-07,8,0,396,3,0,304
2025-Oct-08,9,1,305,3,0,305
2025-Oct-09,8,0,398,3,0,306
2025-Oct-10,8,0,399,3,0,307
2025-Oct-11,8,0,400,3,0,308
2025-Oct-12,9,0,309,4,0,187
2025-Oct-13,9,0,310,4,0,188
2025-Oct-14,9,1,311,4,1,189
2025-Oct-15,8,0,404,3,0,312
2025-Oct-16,8,0,405,3,0,313
2025-Oct-17,8,0,406,3,0,314
2025-Oct-18,8,0,407,3,0,315
2025-Oct-19,9,0,316,4,0,194
2025-Oct-20,9,0,317,4,0,195
2025-Oct-21,9,0,318,4,0,196
2025-Oct-22,9,0,319,4,0,197
2025-Oct-23,9,0,320,4,0,198
2025-Oct-24,9,1,321,4,1,199
2025-Oct-25,8,0,414,3,0,322
2025-Oct-26,9,0,323,4,0,201
2025-Oct-27,9,1,324,4,1,202
2025-Oct-28,8,0,417,3,0,325
2025-Oct-29,8,0,418,3,0,326
2025-Oct-30,8,0,419,3,0,327
2025-Oct-31,8,0,420,3,0,328
2025-Nov-01,8,0,421,3,0,329
2025-Nov-02,9,0,330,4,0,208
2025-Nov-03,9,0,331,4,0,209
2025-Nov-04,9,1,332,4,1,210
2025-Nov-05,8,0,425,3,0,333
2025-Nov-06,8,0,426,3,0,334
2025-Nov-07,8,0,427,3,0,335
2025-Nov-08,8,0,428,3,0,336
2025-Nov-09,9,0,337,4,0,215
2025-Nov-10,9,0,338,4,0,216
2025-Nov-11,9,0,339,4,0,217
2025-Nov-12,9,0,340,4,0,218
2025-Nov-13,9,0,341,4,0,219
2025-Nov-14,9,0,342,4,0,220
2025-Nov-15,9,0,343,4,0,221
2025-Nov-16,10,0,314,5,0,101
2025-Nov-17,10,2,315,5,2,102
2025-Nov-18,8,0,438,3,0,346
2025-Nov-19,8,0,439,3,0,347
2025-Nov-20,9,0,348,3,0,348
2025-Nov-21,9,0,349,3,0,349
2025-Nov-22,9,0,350,3,0,350
2025-Nov-23,9,0,351,3,0,351
2025-Nov-24,9,0,352,3,0,352
2025-Nov-25,9,0,353,3,0,353
2025-Nov-26,9,0,354,3,0,354
2025-Nov-27,9,0,355,3,0,355
2025-Nov-28,10,0,326,3,0,356
2025-Nov-29,10,0,327,3,0,357
2025-Nov-30,10,0,328,3,0,358
2025-Dec-01,10,0,329,3,0,359
2025-Dec-02,10,0,330,3,0,360
2025-Dec-03,10,0,331,3,0,361
2025-Dec-04,10,0,332,3,0,362
2025-Dec-05,10,0,333,3,0,363
2025-Dec-06,10,0,334,3,0,364
2025-Dec-07,10,0,335,3,0,365
2025-Dec-08,10,0,336,3,0,366
2025-Dec-09,10,0,337,3,0,367
2025-Dec-10,10,0,338,3,0,368
2025-Dec-11,10,1,339,3,0,369
2025-Dec-12,9,0,370,3,0,370
2025-Dec-13,9,0,371,3,0,371
2025-Dec-14,9,0,372,3,0,372
2025-Dec-15,9,0,373,3,0,373
2025-Dec-16,9,0,374,3,0,374
2025-Dec-17,9,0,375,3,0,375
2025-Dec-18,9,0,376,3,0,376
2025-Dec-19,9,0,377,3,0,377
2025-Dec-20,9,0,378,3,0,378
2025-Dec-21,9,0,379,3,0,379
2025-Dec-22,9,0,380,3,0,380
2025-Dec-23,9,0,381,3,0,381
2025-Dec-24,9,0,382,3,0,382
2025-Dec-25,9,0,383,3,0,383
2025-Dec-26,9,0,384,3,0,384
2025-Dec-27,9,0,385,3,0,385
2025-Dec-28,9,0,386,3,0,386
2025-Dec-29,9,0,387,3,0,387
2025-Dec-30,9,0,388,3,0,388
2025-Dec-31,9,0,389,3,0,389
2026-Jan-01,9,0,390,3,0,390
2026-Jan-02,9,0,391,3,0,391
2026-Jan-03,9,0,392,3,0,392
2026-Jan-04,9,0,393,3,0,393
2026-Jan-05,9,0,394,3,0,394
2026-Jan-06,9,0,395,3,0,395
2026-Jan-07,9,0,396,3,0,396
2026-Jan-08,9,0,397,3,0,397
2026-Jan-09,9,0,398,3,0,398
2026-Jan-10,9,0,399,3,0,399
2026-Jan-11,9,0,400,3,0,400
2026-Jan-12,9,0,401,3,0,401
2026-Jan-13,9,0,402,3,0,402
2026-Jan-14,9,0,403,3,0,403
2026-Jan-15,9,0,404,3,0,404
2026-Jan-16,9,0,405,3,0,405
2026-Jan-17,9,0,406,3,0,406
2026-Jan-18,9,0,407,3,0,407
2026-Jan-19,9,0,408,3,0,408
2026-Jan-20,9,0,409,3,0,409
2026-Jan-21,9,0,410,3,0,410
2026-Jan-22,9,0,411,3,0,411
2026-Jan-23,9,0,412,3,0,412
2026-Jan-24,9,0,413,3,0,413
2026-Jan-25,10,0,384,4,0,292
2026-Jan-26,10,0,385,4,0,293
2026-Jan-27,10,0,386,4,0,294
2026-Jan-28,10,0,387,4,0,295
2026-Jan-29,10,0,388,4,0,296
2026-Jan-30,10,0,389,4,0,297
2026-Jan-31,10,0,390,4,0,298
2026-Feb-01,10,0,391,4,0,299
2026-Feb-02,10,0,392,4,0,300
2026-Feb-03,10,0,393,4,0,301
2026-Feb-04,10,0,394,4,0,302
2026-Feb-05,10,0,395,4,0,303
2026-Feb-06,10,0,396,4,0,304
2026-Feb-07,10,0,397,4,0,305
2026-Feb-08,10,0,398,4,0,306
2026-Feb-09,10,0,399,4,0,307
2026-Feb-10,10,0,400,4,0,308
2026-Feb-11,10,0,401,4,0,309
2026-Feb-12,10,0,402,4,0,310
2026-Feb-13,10,0,403,4,0,311
2026-Feb-14,10,0,404,4,0,312
2026-Feb-15,10,0,405,4,0,313
2026-Feb-16,10,0,406,4,0,314
2026-Feb-17,10,0,407,4,0,315
2026-Feb-18,10,0,408,4,0,316
2026-Feb-19,10,0,409,4,0,317
2026-Feb-20,10,0,410,4,0,318
2026-Feb-21,10,0,411,4,0,319
2026-Feb-22,10,0,412,4,0,320
2026-Feb-23,10,0,413,4,0,321
2026-Feb-24,10,0,414,4,0,322
2026-Feb-25,10,0,415,4,0,323
2026-Feb-26,10,0,416,4,0,324
2026-Feb-27,10,0,417,4,0,325
2026-Feb-28,10,0,418,4,0,326
2026-Mar-01,10,0,419,4,0,327
2026-Mar-02,10,0,420,4,0,328
2026-Mar-03,10,0,421,4,0,329
2026-Mar-04,10,0,422,4,0,330
2026-Mar-05,10,0,423,4,0,331
2026-Mar-06,10,0,424,4,0,332
2026-Mar-07,10,0,425,4,0,333
2026-Mar-08,10,0,426,4,0,334
2026-Mar-09,10,0,427,4,0,335
2026-Mar-10,10,0,428,4,0,336
2026-Mar-11,10,0,429,4,0,337
2026-Mar-12,10,0,430,4,0,338
2026-Mar-13,10,0,431,4,0,339
2026-Mar-14,10,0,432,4,0,340
2026-Mar-15,10,0,433,4,0,341
2026-Mar-16,10,0,434,4,0,342
2026-Mar-17,10,0,435,4,0,343
2026-Mar-18,10,0,436,4,0,344
2026-Mar-19,10,0,437,4,0,345
2026-Mar-20,10,0,438,4,0,346
2026-Mar-21,10,0,439,4,0,347
2026-Mar-22,10,0,440,4,0,348
2026-Mar-23,10,2,441,4,2,349
2026-Mar-24,9,0,472,3,0,472
2026-Mar-25,9,0,473,3,0,473
2026-Mar-26,9,0,474,3,0,474
2026-Mar-27,9,0,475,3,0,475
2026-Mar-28,11,0,416,4,0,354
2026-Mar-29,11,0,417,4,0,355
2026-Mar-30,11,0,418,4,0,356
2026-Mar-31,12,0,344,5,0,236
2026-Apr-01,12,0,345,5,0,237
2026-Apr-02,12,0,346,5,0,238
2026-Apr-03,12,0,347,5,0,239
2026-Apr-04,12,0,348,5,0,240
2026-Apr-05,12,0,349,5,0,241
2026-Apr-06,12,0,350,5,0,242
2026-Apr-07,12,0,351,5,0,243
2026-Apr-08,12,0,352,5,0,244
2026-Apr-09,12,0,353,5,0,245
2026-Apr-10,12,0,354,5,0,246
2026-Apr-11,12,0,355,5,0,247
2026-Apr-12,12,0,356,5,0,248
2026-Apr-13,12,0,357,5,0,249
2026-Apr-14,12,0,358,5,0,250
2026-Apr-15,12,0,359,5,0,251
2026-Apr-16,12,0,360,5,0,252
2026-Apr-17,12,0,361,5,0,253
2026-Apr-18,12,0,362,5,0,254
2026-Apr-19,12,0,363,5,0,255
2026-Apr-20,12,0,364,5,0,256
2026-Apr-21,12,0,365,5,0,257
2026-Apr-22,12,0,366,5,0,258
2026-Apr-23,12,0,367,5,0,259
2026-Apr-24,12,0,368,5,0,260
2026-Apr-25,12,0,369,5,0,261
2026-Apr-26,12,0,370,5,0,262
2026-Apr-27,12,0,371,5,0,263
2026-Apr-28,12,0,372,5,0,264
2026-Apr-29,12,0,373,5,0,265
2026-Apr-30,12,0,374,5,0,266
2026-May-01,12,0,375,5,0,267
2026-May-02,12,0,376,5,0,268
2026-May-03,12,0,377,5,0,269
2026-May-04,12,0,378,5,0,270
2026-May-05,12,0,379,5,0,271
