date,issues,closed,age
2015-Jan-01,0,0,
2015-Jan-02,0,0,
2015-Jan-03,0,0,
2015-Jan-04,0,0,
2015-Jan-05,0,0,
2015-Jan-06,0,0,
2015-Jan-07,0,0,
2015-Jan-08,0,0,
2015-Jan-09,0,0,
2015-Jan-10,0,0,
2015-Jan-11,0,0,
2015-Jan-12,0,0,
2015-Jan-13,0,0,
2015-Jan-14,0,0,
2015-Jan-15,0,0,
2015-Jan-16,0,0,
2015-Jan-17,0,0,
2015-Jan-18,0,0,
2015-Jan-19,0,0,
2015-Jan-20,0,0,
2015-Jan-21,0,0,
2015-Jan-22,0,0,
2015-Jan-23,0,0,
2015-Jan-24,0,0,
2015-Jan-25,0,0,
2015-Jan-26,0,0,
2015-Jan-27,0,0,
2015-Jan-28,0,0,
2015-Jan-29,0,0,
2015-Jan-30,0,0,
2015-Jan-31,0,0,
2015-Feb-01,0,0,
2015-Feb-02,0,0,
2015-Feb-03,0,0,
2015-Feb-04,0,0,
2015-Feb-05,0,0,
2015-Feb-06,0,0,
2015-Feb-07,0,0,
2015-Feb-08,0,0,
2015-Feb-09,0,0,
2015-Feb-10,0,0,
2015-Feb-11,0,0,
2015-Feb-12,0,0,
2015-Feb-13,0,0,
2015-Feb-14,0,0,
2015-Feb-15,0,0,
2015-Feb-16,0,0,
2015-Feb-17,0,0,
2015-Feb-18,0,0,
2015-Feb-19,0,0,
2015-Feb-20,0,0,
2015-Feb-21,0,0,
2015-Feb-22,0,0,
2015-Feb-23,0,0,
2015-Feb-24,0,0,
2015-Feb-25,0,0,
2015-Feb-26,0,0,
2015-Feb-27,0,0,
2015-Feb-28,0,0,
2015-Mar-01,0,0,
2015-Mar-02,0,0,
2015-Mar-03,0,0,
2015-Mar-04,0,0,
2015-Mar-05,0,0,
2015-Mar-06,0,0,
2015-Mar-07,0,0,
2015-Mar-08,0,0,
2015-Mar-09,0,0,
2015-Mar-10,0,0,
2015-Mar-11,0,0,
2015-Mar-12,0,0,
2015-Mar-13,0,0,
2015-Mar-14,0,0,
2015-Mar-15,0,0,
2015-Mar-16,0,0,
2015-Mar-17,0,0,
2015-Mar-18,0,0,
2015-Mar-19,0,0,
2015-Mar-20,0,0,
2015-Mar-21,0,0,
2015-Mar-22,0,0,
2015-Mar-23,0,0,
2015-Mar-24,0,0,
2015-Mar-25,0,0,
2015-Mar-26,0,0,
2015-Mar-27,0,0,
2015-Mar-28,0,0,
2015-Mar-29,0,0,
2015-Mar-30,0,0,
2015-Mar-31,0,0,
2015-Apr-01,0,0,
2015-Apr-02,0,0,
2015-Apr-03,0,0,
2015-Apr-04,0,0,
2015-Apr-05,0,0,
2015-Apr-06,0,0,
2015-Apr-07,0,0,
2015-Apr-08,0,0,
2015-Apr-09,0,0,
2015-Apr-10,0,0,
2015-Apr-11,0,0,
2015-Apr-12,0,0,
2015-Apr-13,0,0,
2015-Apr-14,0,0,
2015-Apr-15,0,0,
2015-Apr-16,0,0,
2015-Apr-17,0,0,
2015-Apr-18,0,0,
2015-Apr-19,0,0,
2015-Apr-20,0,0,
2015-Apr-21,0,0,
2015-Apr-22,0,0,
2015-Apr-23,0,0,
2015-Apr-24,0,0,
2015-Apr-25,0,0,
2015-Apr-26,0,0,
2015-Apr-27,0,0,
2015-Apr-28,0,0,
2015-Apr-29,0,0,
2015-Apr-30,0,0,
2015-May-01,0,0,
2015-May-02,0,0,
2015-May-03,0,0,
2015-May-04,0,0,
2015-May-05,0,0,
2015-May-06,0,0,
2015-May-07,0,0,
2015-May-08,0,0,
2015-May-09,0,0,
2015-May-10,0,0,
2015-May-11,0,0,
2015-May-12,0,0,
2015-May-13,0,0,
2015-May-14,0,0,
2015-May-15,0,0,
2015-May-16,0,0,
2015-May-17,0,0,
2015-May-18,0,0,
2015-May-19,0,0,
2015-May-20,0,0,
2015-May-21,0,0,
2015-May-22,0,0,
2015-May-23,0,0,
2015-May-24,0,0,
2015-May-25,0,0,
2015-May-26,0,0,
2015-May-27,0,0,
2015-May-28,0,0,
2015-May-29,0,0,
2015-May-30,0,0,
2015-May-31,0,0,
2015-Jun-01,0,0,
2015-Jun-02,0,0,
2015-Jun-03,0,0,
2015-Jun-04,0,0,
2015-Jun-05,0,0,
2015-Jun-06,0,0,
2015-Jun-07,0,0,
2015-Jun-08,0,0,
2015-Jun-09,0,0,
2015-Jun-10,0,0,
2015-Jun-11,1,0,0
2015-Jun-12,1,0,1
2015-Jun-13,1,0,2
2015-Jun-14,1,0,3
2015-Jun-15,1,0,4
2015-Jun-16,1,0,5
2015-Jun-17,1,0,6
2015-Jun-18,1,0,7
2015-Jun-19,1,0,8
2015-Jun-20,1,0,9
2015-Jun-21,1,0,10
2015-Jun-22,1,0,11
2015-Jun-23,1,0,12
2015-Jun-24,1,0,13
2015-Jun-25,1,0,14
2015-Jun-26,1,0,15
2015-Jun-27,1,0,16
2015-Jun-28,1,0,17
2015-Jun-29,1,0,18
2015-Jun-30,1,0,19
2015-Jul-01,1,0,20
2015-Jul-02,1,0,21
2015-Jul-03,1,0,22
2015-Jul-04,1,0,23
2015-Jul-05,1,0,24
2015-Jul-06,1,0,25
2015-Jul-07,1,0,26
2015-Jul-08,1,0,27
2015-Jul-09,1,0,28
2015-Jul-10,1,0,29
2015-Jul-11,1,0,30
2015-Jul-12,1,0,31
2015-Jul-13,1,0,32
2015-Jul-14,3,0,0
2015-Jul-15,3,0,1
2015-Jul-16,3,0,2
2015-Jul-17,3,0,3
2015-Jul-18,3,0,4
2015-Jul-19,3,0,5
2015-Jul-20,3,0,6
2015-Jul-21,3,0,7
2015-Jul-22,5,0,8
2015-Jul-23,6,0,5
2015-Jul-24,9,3,2
2015-Jul-25,15,0,0
2015-Jul-26,15,0,1
2015-Jul-27,15,0,2
2015-Jul-28,15,0,3
2015-Jul-29,16,0,4
2015-Jul-30,16,0,5
2015-Jul-31,16,0,6
2015-Aug-01,17,0,7
2015-Aug-02,17,0,8
2015-Aug-03,17,0,9
2015-Aug-04,17,0,10
2015-Aug-05,19,0,11
2015-Aug-06,20,0,12
2015-Aug-07,20,0,13
2015-Aug-08,21,0,14
2015-Aug-09,21,0,15
2015-Aug-10,21,0,16
2015-Aug-11,21,0,17
2015-Aug-12,22,0,18
2015-Aug-13,22,0,19
2015-Aug-14,27,0,20
2015-Aug-15,27,0,21
2015-Aug-16,27,0,22
2015-Aug-17,27,0,23
2015-Aug-18,29,0,24
2015-Aug-19,29,0,25
2015-Aug-20,32,0,20
2015-Aug-21,32,0,21
2015-Aug-22,32,0,22
2015-Aug-23,32,0,23
2015-Aug-24,32,0,24
2015-Aug-25,32,0,25
2015-Aug-26,32,0,26
2015-Aug-27,32,0,27
2015-Aug-28,32,0,28
2015-Aug-29,32,0,29
2015-Aug-30,32,0,30
2015-Aug-31,32,0,31
2015-Sep-01,32,0,32
2015-Sep-02,32,2,33
2015-Sep-03,32,0,34
2015-Sep-04,32,0,35
2015-Sep-05,32,0,36
2015-Sep-06,32,0,37
2015-Sep-07,32,0,38
2015-Sep-08,33,0,38
2015-Sep-09,33,0,39
2015-Sep-10,33,0,40
2015-Sep-11,33,0,41
2015-Sep-12,34,0,40
2015-Sep-13,34,0,41
2015-Sep-14,34,0,42
2015-Sep-15,35,0,41
2015-Sep-16,36,0,42
2015-Sep-17,39,0,42
2015-Sep-18,40,0,42
2015-Sep-19,43,0,38
2015-Sep-20,44,0,38
2015-Sep-21,44,6,39
2015-Sep-22,42,0,37
2015-Sep-23,44,0,35
2015-Sep-24,44,0,36
2015-Sep-25,51,27,22
2015-Sep-26,24,0,49
2015-Sep-27,24,0,50
2015-Sep-28,24,1,51
2015-Sep-29,25,0,48
2015-Sep-30,36,0,5
2015-Oct-01,40,0,6
2015-Oct-02,40,0,7
2015-Oct-03,48,0,4
2015-Oct-04,50,0,5
2015-Oct-05,50,0,6
2015-Oct-06,50,0,7
2015-Oct-07,50,0,8
2015-Oct-08,51,0,8
2015-Oct-09,52,0,9
2015-Oct-10,52,0,10
2015-Oct-11,52,0,11
2015-Oct-12,52,0,12
2015-Oct-13,52,1,13
2015-Oct-14,51,0,14
2015-Oct-15,54,0,15
2015-Oct-16,54,0,16
2015-Oct-17,55,0,17
2015-Oct-18,56,0,18
2015-Oct-19,57,19,19
2015-Oct-20,41,0,25
2015-Oct-21,41,0,26
2015-Oct-22,41,0,27
2015-Oct-23,41,0,28
2015-Oct-24,41,0,29
2015-Oct-25,41,0,30
2015-Oct-26,41,0,31
2015-Oct-27,43,0,32
2015-Oct-28,46,0,29
2015-Oct-29,47,0,29
2015-Oct-30,51,6,30
2015-Oct-31,45,0,28
2015-Nov-01,45,0,29
2015-Nov-02,45,0,30
2015-Nov-03,45,0,31
2015-Nov-04,45,16,32
2015-Nov-05,29,2,37
2015-Nov-06,27,0,38
2015-Nov-07,28,0,39
2015-Nov-08,28,0,40
2015-Nov-09,28,0,41
2015-Nov-10,28,0,42
2015-Nov-11,29,0,42
2015-Nov-12,31,0,40
2015-Nov-13,31,0,41
2015-Nov-14,31,0,42
2015-Nov-15,32,0,43
2015-Nov-16,33,0,44
2015-Nov-17,34,0,45
2015-Nov-18,34,0,46
2015-Nov-19,34,0,47
2015-Nov-20,34,1,48
2015-Nov-21,36,0,49
2015-Nov-22,36,0,50
2015-Nov-23,36,0,51
2015-Nov-24,36,17,52
2015-Nov-25,20,0,34
2015-Nov-26,22,0,30
2015-Nov-27,24,0,30
2015-Nov-28,24,1,31
2015-Nov-29,23,0,32
2015-Nov-30,23,0,33
2015-Dec-01,25,7,34
2015-Dec-02,18,1,53
2015-Dec-03,18,0,54
2015-Dec-04,18,0,55
2015-Dec-05,18,0,56
2015-Dec-06,18,0,57
2015-Dec-07,18,0,58
2015-Dec-08,20,0,47
2015-Dec-09,22,0,43
2015-Dec-10,23,0,43
2015-Dec-11,25,0,44
2015-Dec-12,25,0,45
2015-Dec-13,26,0,45
2015-Dec-14,26,0,46
2015-Dec-15,26,0,47
2015-Dec-16,26,0,48
2015-Dec-17,26,0,49
2015-Dec-18,28,0,49
2015-Dec-19,29,0,50
2015-Dec-20,29,0,51
2015-Dec-21,29,1,52
2015-Dec-22,29,1,53
2015-Dec-23,29,1,54
2015-Dec-24,30,0,49
2015-Dec-25,30,0,50
2015-Dec-26,30,0,51
2015-Dec-27,30,0,52
2015-Dec-28,30,0,53
2015-Dec-29,30,0,54
2015-Dec-30,30,0,55
2015-Dec-31,31,0,50
2016-Jan-01,31,0,51
2016-Jan-02,31,0,52
2016-Jan-03,31,0,53
2016-Jan-04,31,0,54
2016-Jan-05,31,1,55
2016-Jan-06,31,1,56
2016-Jan-07,35,0,37
2016-Jan-08,36,0,35
2016-Jan-09,39,0,32
2016-Jan-10,39,0,33
2016-Jan-11,40,0,34
2016-Jan-12,42,0,34
2016-Jan-13,50,0,32
2016-Jan-14,54,1,27
2016-Jan-15,55,1,27
2016-Jan-16,62,0,9
2016-Jan-17,62,0,10
2016-Jan-18,62,0,11
2016-Jan-19,63,0,12
2016-Jan-20,65,3,13
2016-Jan-21,63,27,14
2016-Jan-22,42,0,37
2016-Jan-23,43,0,36
2016-Jan-24,43,10,37
2016-Jan-25,33,2,45
2016-Jan-26,38,0,29
2016-Jan-27,41,2,20
2016-Jan-28,44,2,17
2016-Jan-29,52,0,11
2016-Jan-30,54,0,9
2016-Jan-31,57,0,9
2016-Feb-01,57,0,10
2016-Feb-02,58,0,9
2016-Feb-03,59,26,8
2016-Feb-04,41,0,23
2016-Feb-05,43,0,23
2016-Feb-06,47,0,23
2016-Feb-07,47,0,24
2016-Feb-08,47,0,25
2016-Feb-09,48,0,25
2016-Feb-10,52,0,19
2016-Feb-11,59,13,16
2016-Feb-12,49,9,21
2016-Feb-13,44,0,29
2016-Feb-14,44,0,30
2016-Feb-15,44,0,31
2016-Feb-16,44,0,32
2016-Feb-17,44,0,33
2016-Feb-18,45,0,33
2016-Feb-19,47,0,28
2016-Feb-20,49,0,29
2016-Feb-21,49,0,30
2016-Feb-22,49,0,31
2016-Feb-23,56,0,26
2016-Feb-24,57,1,26
2016-Feb-25,60,10,22
2016-Feb-26,56,2,22
2016-Feb-27,58,0,19
2016-Feb-28,59,0,19
2016-Feb-29,59,2,20
2016-Mar-01,59,0,19
2016-Mar-02,63,0,20
2016-Mar-03,68,0,20
2016-Mar-04,69,0,20
2016-Mar-05,72,0,21
2016-Mar-06,72,0,22
2016-Mar-07,72,0,23
2016-Mar-08,73,0,24
2016-Mar-09,76,0,18
2016-Mar-10,76,19,19
2016-Mar-11,59,0,29
2016-Mar-12,59,0,30
2016-Mar-13,59,0,31
2016-Mar-14,59,0,32
2016-Mar-15,60,0,33
2016-Mar-16,61,0,34
2016-Mar-17,61,0,35
2016-Mar-18,66,0,35
2016-Mar-19,69,0,35
2016-Mar-20,69,0,36
2016-Mar-21,69,0,37
2016-Mar-22,72,10,35
2016-Mar-23,67,0,39
2016-Mar-24,69,9,40
2016-Mar-25,65,0,41
2016-Mar-26,66,0,42
2016-Mar-27,66,0,43
2016-Mar-28,66,2,44
2016-Mar-29,64,1,46
2016-Mar-30,66,0,46
2016-Mar-31,68,0,44
2016-Apr-01,72,1,38
2016-Apr-02,71,0,39
2016-Apr-03,71,0,40
2016-Apr-04,71,0,41
2016-Apr-05,71,15,42
2016-Apr-06,59,0,55
2016-Apr-07,63,0,54
2016-Apr-08,66,1,52
2016-Apr-09,69,0,46
2016-Apr-10,69,0,47
2016-Apr-11,69,1,48
2016-Apr-12,72,0,48
2016-Apr-13,76,1,48
2016-Apr-14,76,18,48
2016-Apr-15,60,0,51
2016-Apr-16,67,6,50
2016-Apr-17,62,0,52
2016-Apr-18,62,0,53
2016-Apr-19,64,0,54
2016-Apr-20,68,12,52
2016-Apr-21,60,0,56
2016-Apr-22,65,0,51
2016-Apr-23,69,0,51
2016-Apr-24,69,0,52
2016-Apr-25,70,0,52
2016-Apr-26,73,0,52
2016-Apr-27,77,1,43
2016-Apr-28,84,0,28
2016-Apr-29,86,1,26
2016-Apr-30,88,11,23
2016-May-01,79,0,44
2016-May-02,79,0,45
2016-May-03,82,0,37
2016-May-04,84,0,34
2016-May-05,86,0,32
2016-May-06,86,0,33
2016-May-07,86,0,34
2016-May-08,86,0,35
2016-May-09,86,0,36
2016-May-10,86,0,37
2016-May-11,86,0,38
2016-May-12,86,0,39
2016-May-13,89,0,36
2016-May-14,90,0,36
2016-May-15,90,0,37
2016-May-16,92,0,38
2016-May-17,94,0,38
2016-May-18,99,0,36
2016-May-19,102,0,35
2016-May-20,105,0,34
2016-May-21,105,0,35
2016-May-22,105,0,36
2016-May-23,105,5,37
2016-May-24,100,0,42
2016-May-25,101,0,43
2016-May-26,101,0,44
2016-May-27,106,7,41
2016-May-28,106,1,37
2016-May-29,105,1,37
2016-May-30,106,1,37
2016-May-31,110,0,35
2016-Jun-01,114,0,35
2016-Jun-02,118,3,35
2016-Jun-03,119,0,36
2016-Jun-04,122,0,37
2016-Jun-05,122,0,38
2016-Jun-06,122,1,39
2016-Jun-07,122,15,40
2016-Jun-08,112,10,41
2016-Jun-09,110,1,43
2016-Jun-10,119,2,42
2016-Jun-11,125,3,39
2016-Jun-12,129,0,40
2016-Jun-13,129,0,41
2016-Jun-14,131,7,41
2016-Jun-15,125,0,43
2016-Jun-16,129,1,44
2016-Jun-17,132,0,38
2016-Jun-18,134,0,34
2016-Jun-19,134,0,35
2016-Jun-20,134,1,36
2016-Jun-21,135,1,36
2016-Jun-22,142,1,35
2016-Jun-23,148,0,34
2016-Jun-24,151,0,35
2016-Jun-25,159,0,28
2016-Jun-26,160,0,29
2016-Jun-27,160,1,30
2016-Jun-28,161,33,31
2016-Jun-29,137,1,33
2016-Jun-30,139,1,34
2016-Jul-01,143,0,34
2016-Jul-02,145,0,35
2016-Jul-03,146,0,34
2016-Jul-04,146,0,35
2016-Jul-05,150,0,34
2016-Jul-06,155,1,34
2016-Jul-07,157,0,34
2016-Jul-08,168,0,29
2016-Jul-09,173,0,30
2016-Jul-10,177,0,30
2016-Jul-11,177,0,31
2016-Jul-12,179,0,32
2016-Jul-13,188,22,32
2016-Jul-14,174,0,34
2016-Jul-15,178,1,34
2016-Jul-16,179,0,35
2016-Jul-17,179,0,36
2016-Jul-18,179,1,37
2016-Jul-19,181,1,38
2016-Jul-20,193,0,38
2016-Jul-21,202,19,35
2016-Jul-22,186,0,40
2016-Jul-23,189,0,41
2016-Jul-24,189,0,42
2016-Jul-25,189,0,43
2016-Jul-26,194,0,41
2016-Jul-27,196,0,41
2016-Jul-28,204,1,41
2016-Jul-29,207,0,41
2016-Jul-30,207,0,42
2016-Jul-31,208,0,43
2016-Aug-01,208,0,44
2016-Aug-02,209,1,45
2016-Aug-03,213,0,42
2016-Aug-04,216,1,42
2016-Aug-05,218,0,43
2016-Aug-06,220,0,43
2016-Aug-07,220,1,44
2016-Aug-08,219,3,44
2016-Aug-09,221,0,45
2016-Aug-10,230,23,42
2016-Aug-11,213,0,47
2016-Aug-12,218,0,45
2016-Aug-13,223,0,45
2016-Aug-14,223,0,46
2016-Aug-15,223,0,47
2016-Aug-16,223,1,48
2016-Aug-17,228,1,49
2016-Aug-18,232,18,48
2016-Aug-19,220,6,51
2016-Aug-20,216,1,52
2016-Aug-21,217,0,53
2016-Aug-22,217,0,54
2016-Aug-23,219,0,55
2016-Aug-24,221,1,56
2016-Aug-25,230,1,52
2016-Aug-26,232,1,52
2016-Aug-27,240,0,51
2016-Aug-28,241,0,52
2016-Aug-29,242,0,53
2016-Aug-30,249,1,53
2016-Aug-31,249,0,54
2016-Sep-01,251,0,55
2016-Sep-02,255,1,52
2016-Sep-03,256,0,52
2016-Sep-04,257,0,53
2016-Sep-05,257,0,54
2016-Sep-06,257,21,55
2016-Sep-07,237,0,62
2016-Sep-08,240,0,62
2016-Sep-09,247,1,62
2016-Sep-10,257,17,59
2016-Sep-11,241,0,65
2016-Sep-12,241,0,66
2016-Sep-13,243,0,66
2016-Sep-14,243,1,67
2016-Sep-15,248,0,64
2016-Sep-16,251,0,65
2016-Sep-17,252,1,66
2016-Sep-18,251,0,67
2016-Sep-19,252,1,68
2016-Sep-20,252,1,69
2016-Sep-21,256,0,70
2016-Sep-22,259,21,70
2016-Sep-23,245,1,72
2016-Sep-24,246,0,73
2016-Sep-25,246,0,74
2016-Sep-26,246,0,75
2016-Sep-27,255,0,75
2016-Sep-28,259,4,76
2016-Sep-29,259,0,77
2016-Sep-30,263,0,76
2016-Oct-01,266,0,73
2016-Oct-02,266,0,74
2016-Oct-03,266,12,75
2016-Oct-04,263,1,80
2016-Oct-05,264,0,79
2016-Oct-06,267,0,78
2016-Oct-07,272,0,79
2016-Oct-08,275,0,80
2016-Oct-09,275,2,81
2016-Oct-10,273,0,82
2016-Oct-11,276,1,82
2016-Oct-12,276,0,83
2016-Oct-13,277,0,84
2016-Oct-14,279,0,85
2016-Oct-15,283,0,86
2016-Oct-16,283,0,87
2016-Oct-17,283,1,88
2016-Oct-18,284,0,88
2016-Oct-19,285,1,89
2016-Oct-20,286,0,90
2016-Oct-21,286,0,91
2016-Oct-22,288,0,92
2016-Oct-23,288,0,93
2016-Oct-24,288,0,94
2016-Oct-25,290,0,94
2016-Oct-26,291,0,95
2016-Oct-27,299,0,91
2016-Oct-28,302,1,92
2016-Oct-29,304,0,93
2016-Oct-30,304,21,94
2016-Oct-31,283,0,101
2016-Nov-01,284,0,102
2016-Nov-02,288,0,102
2016-Nov-03,291,0,103
2016-Nov-04,293,6,101
2016-Nov-05,288,0,105
2016-Nov-06,288,0,106
2016-Nov-07,289,0,107
2016-Nov-08,292,0,106
2016-Nov-09,298,0,104
2016-Nov-10,301,6,105
2016-Nov-11,300,0,106
2016-Nov-12,301,0,107
2016-Nov-13,301,0,108
2016-Nov-14,301,5,109
2016-Nov-15,298,2,110
2016-Nov-16,297,0,111
2016-Nov-17,302,4,108
2016-Nov-18,301,0,106
2016-Nov-19,305,1,105
2016-Nov-20,304,1,105
2016-Nov-21,303,1,104
2016-Nov-22,305,0,105
2016-Nov-23,307,0,106
2016-Nov-24,311,0,106
2016-Nov-25,311,0,107
2016-Nov-26,313,0,108
2016-Nov-27,313,0,109
2016-Nov-28,314,1,110
2016-Nov-29,315,1,111
2016-Nov-30,315,0,111
2016-Dec-01,317,0,111
2016-Dec-02,322,0,111
2016-Dec-03,323,0,112
2016-Dec-04,323,0,113
2016-Dec-05,324,35,114
2016-Dec-06,292,0,121
2016-Dec-07,297,0,120
2016-Dec-08,304,1,120
2016-Dec-09,304,0,121
2016-Dec-10,306,0,121
2016-Dec-11,306,0,122
2016-Dec-12,306,0,123
2016-Dec-13,309,1,123
2016-Dec-14,312,4,123
2016-Dec-15,313,3,120
2016-Dec-16,315,1,119
2016-Dec-17,328,0,113
2016-Dec-18,328,0,114
2016-Dec-19,334,0,114
2016-Dec-20,335,0,115
2016-Dec-21,336,27,116
2016-Dec-22,311,0,119
2016-Dec-23,314,0,120
2016-Dec-24,315,0,121
2016-Dec-25,315,0,122
2016-Dec-26,316,0,122
2016-Dec-27,316,0,123
2016-Dec-28,316,0,124
2016-Dec-29,316,0,125
2016-Dec-30,317,0,126
2016-Dec-31,318,0,127
2017-Jan-01,318,0,128
2017-Jan-02,318,0,129
2017-Jan-03,318,0,130
2017-Jan-04,320,2,131
2017-Jan-05,318,0,132
2017-Jan-06,320,1,133
2017-Jan-07,323,0,133
2017-Jan-08,326,0,134
2017-Jan-09,328,0,135
2017-Jan-10,332,0,134
2017-Jan-11,333,2,134
2017-Jan-12,335,0,135
2017-Jan-13,339,0,136
2017-Jan-14,341,0,136
2017-Jan-15,342,0,136
2017-Jan-16,343,0,137
2017-Jan-17,344,46,138
2017-Jan-18,299,0,145
2017-Jan-19,301,0,145
2017-Jan-20,301,1,146
2017-Jan-21,305,0,147
2017-Jan-22,305,0,148
2017-Jan-23,305,0,149
2017-Jan-24,308,1,149
2017-Jan-25,309,0,150
2017-Jan-26,316,0,149
2017-Jan-27,319,0,149
2017-Jan-28,322,0,149
2017-Jan-29,323,0,149
2017-Jan-30,323,1,150
2017-Jan-31,325,0,150
2017-Feb-01,329,1,146
2017-Feb-02,337,1,145
2017-Feb-03,340,26,140
2017-Feb-04,316,0,154
2017-Feb-05,318,0,154
2017-Feb-06,319,0,155
2017-Feb-07,322,0,152
2017-Feb-08,329,0,151
2017-Feb-09,338,0,141
2017-Feb-10,347,1,140
2017-Feb-11,353,0,141
2017-Feb-12,354,0,141
2017-Feb-13,354,2,142
2017-Feb-14,355,3,143
2017-Feb-15,357,0,141
2017-Feb-16,364,0,141
2017-Feb-17,366,28,142
2017-Feb-18,344,0,147
2017-Feb-19,344,0,148
2017-Feb-20,346,2,147
2017-Feb-21,347,0,147
2017-Feb-22,351,4,147
2017-Feb-23,353,0,148
2017-Feb-24,355,0,149
2017-Feb-25,355,0,150
2017-Feb-26,355,0,151
2017-Feb-27,355,0,152
2017-Feb-28,359,0,151
2017-Mar-01,361,0,151
2017-Mar-02,361,0,152
2017-Mar-03,365,0,150
2017-Mar-04,369,6,147
2017-Mar-05,363,4,143
2017-Mar-06,364,0,142
2017-Mar-07,367,0,143
2017-Mar-08,368,0,142
2017-Mar-09,372,1,141
2017-Mar-10,374,4,138
2017-Mar-11,374,0,136
2017-Mar-12,374,0,137
2017-Mar-13,374,0,138
2017-Mar-14,378,0,138
2017-Mar-15,380,0,139
2017-Mar-16,381,0,140
2017-Mar-17,388,0,140
2017-Mar-18,390,0,140
2017-Mar-19,391,4,141
2017-Mar-20,388,1,140
2017-Mar-21,388,0,139
2017-Mar-22,391,0,139
2017-Mar-23,395,0,139
2017-Mar-24,401,0,136
2017-Mar-25,402,0,136
2017-Mar-26,402,0,137
2017-Mar-27,404,0,137
2017-Mar-28,409,0,137
2017-Mar-29,413,0,138
2017-Mar-30,414,46,137
2017-Mar-31,368,0,155
2017-Apr-01,371,0,155
2017-Apr-02,372,0,155
2017-Apr-03,372,0,156
2017-Apr-04,372,0,157
2017-Apr-05,373,0,158
2017-Apr-06,376,1,159
2017-Apr-07,377,1,160
2017-Apr-08,378,0,159
2017-Apr-09,379,0,159
2017-Apr-10,379,0,160
2017-Apr-11,380,1,160
2017-Apr-12,383,0,160
2017-Apr-13,383,0,161
2017-Apr-14,384,0,162
2017-Apr-15,385,0,163
2017-Apr-16,386,1,163
2017-Apr-17,385,0,165
2017-Apr-18,388,0,165
2017-Apr-19,391,0,163
2017-Apr-20,394,1,162
2017-Apr-21,394,1,163
2017-Apr-22,393,0,165
2017-Apr-23,396,0,164
2017-Apr-24,396,0,165
2017-Apr-25,397,19,166
2017-Apr-26,380,2,173
2017-Apr-27,382,3,172
2017-Apr-28,382,0,173
2017-Apr-29,383,0,173
2017-Apr-30,383,0,174
2017-May-01,383,0,175
2017-May-02,383,1,176
2017-May-03,382,0,178
2017-May-04,384,2,176
2017-May-05,383,1,176
2017-May-06,382,0,178
2017-May-07,383,0,178
2017-May-08,383,0,179
2017-May-09,383,1,180
2017-May-10,384,1,181
2017-May-11,388,0,181
2017-May-12,388,0,182
2017-May-13,390,0,183
2017-May-14,390,0,184
2017-May-15,390,0,185
2017-May-16,390,0,186
2017-May-17,391,0,187
2017-May-18,394,0,186
2017-May-19,395,2,185
2017-May-20,393,0,184
2017-May-21,393,0,185
2017-May-22,393,1,186
2017-May-23,392,25,187
2017-May-24,371,0,195
2017-May-25,374,0,195
2017-May-26,375,0,196
2017-May-27,377,0,197
2017-May-28,377,0,198
2017-May-29,377,0,199
2017-May-30,378,0,200
2017-May-31,379,0,201
2017-Jun-01,383,0,198
2017-Jun-02,385,2,197
2017-Jun-03,387,0,192
2017-Jun-04,387,0,193
2017-Jun-05,387,0,194
2017-Jun-06,390,0,194
2017-Jun-07,392,0,191
2017-Jun-08,392,0,192
2017-Jun-09,392,0,193
2017-Jun-10,392,0,194
2017-Jun-11,392,0,195
2017-Jun-12,392,0,196
2017-Jun-13,394,0,193
2017-Jun-14,394,0,194
2017-Jun-15,395,1,195
2017-Jun-16,397,0,192
2017-Jun-17,397,0,193
2017-Jun-18,397,0,194
2017-Jun-19,397,0,195
2017-Jun-20,398,0,196
2017-Jun-21,401,0,196
2017-Jun-22,402,8,196
2017-Jun-23,394,0,198
2017-Jun-24,396,0,198
2017-Jun-25,396,0,199
2017-Jun-26,396,0,200
2017-Jun-27,396,4,201
2017-Jun-28,394,0,203
2017-Jun-29,394,0,204
2017-Jun-30,394,0,205
2017-Jul-01,394,0,206
2017-Jul-02,394,0,207
2017-Jul-03,394,0,208
2017-Jul-04,394,0,209
2017-Jul-05,394,0,210
2017-Jul-06,395,0,211
2017-Jul-07,397,0,211
2017-Jul-08,399,0,212
2017-Jul-09,399,0,213
2017-Jul-10,399,0,214
2017-Jul-11,401,0,215
2017-Jul-12,404,3,216
2017-Jul-13,401,0,217
2017-Jul-14,402,0,217
2017-Jul-15,402,0,218
2017-Jul-16,402,0,219
2017-Jul-17,402,0,220
2017-Jul-18,402,0,221
2017-Jul-19,403,0,222
2017-Jul-20,404,0,223
2017-Jul-21,404,0,224
2017-Jul-22,405,1,224
2017-Jul-23,404,0,226
2017-Jul-24,404,0,227
2017-Jul-25,404,0,228
2017-Jul-26,406,0,227
2017-Jul-27,409,0,226
2017-Jul-28,409,0,227
2017-Jul-29,411,0,227
2017-Jul-30,411,0,228
2017-Jul-31,411,0,229
2017-Aug-01,412,13,228
2017-Aug-02,401,0,237
2017-Aug-03,402,0,237
2017-Aug-04,402,0,238
2017-Aug-05,402,0,239
2017-Aug-06,402,0,240
2017-Aug-07,402,0,241
2017-Aug-08,403,1,242
2017-Aug-09,402,0,243
2017-Aug-10,406,0,242
2017-Aug-11,406,1,243
2017-Aug-12,407,9,242
2017-Aug-13,398,0,247
2017-Aug-14,398,0,248
2017-Aug-15,398,0,249
2017-Aug-16,398,0,250
2017-Aug-17,398,0,251
2017-Aug-18,399,0,252
2017-Aug-19,399,0,253
2017-Aug-20,399,0,254
2017-Aug-21,399,0,255
2017-Aug-22,400,0,256
2017-Aug-23,400,0,257
2017-Aug-24,400,0,258
2017-Aug-25,400,0,259
2017-Aug-26,401,0,259
2017-Aug-27,401,0,260
2017-Aug-28,401,0,261
2017-Aug-29,401,0,262
2017-Aug-30,401,0,263
2017-Aug-31,401,0,264
2017-Sep-01,403,0,262
2017-Sep-02,404,0,263
2017-Sep-03,404,0,264
2017-Sep-04,404,0,265
2017-Sep-05,405,0,266
2017-Sep-06,405,0,267
2017-Sep-07,407,0,267
2017-Sep-08,407,6,268
2017-Sep-09,404,3,270
2017-Sep-10,401,0,274
2017-Sep-11,401,5,275
2017-Sep-12,396,0,277
2017-Sep-13,397,1,278
2017-Sep-14,397,0,279
2017-Sep-15,397,0,280
2017-Sep-16,399,0,280
2017-Sep-17,399,1,281
2017-Sep-18,398,1,283
2017-Sep-19,399,0,283
2017-Sep-20,401,0,281
2017-Sep-21,401,0,282
2017-Sep-22,401,0,283
2017-Sep-23,402,0,284
2017-Sep-24,402,0,285
2017-Sep-25,402,0,286
2017-Sep-26,404,0,286
2017-Sep-27,404,0,287
2017-Sep-28,411,0,283
2017-Sep-29,415,0,282
2017-Sep-30,417,0,269
2017-Oct-01,417,0,270
2017-Oct-02,417,0,271
2017-Oct-03,417,0,272
2017-Oct-04,417,0,273
2017-Oct-05,420,0,271
2017-Oct-06,421,0,271
2017-Oct-07,421,0,272
2017-Oct-08,422,0,272
2017-Oct-09,423,0,273
2017-Oct-10,423,0,274
2017-Oct-11,427,0,274
2017-Oct-12,428,2,275
2017-Oct-13,427,1,274
2017-Oct-14,426,0,275
2017-Oct-15,426,0,276
2017-Oct-16,428,2,277
2017-Oct-17,429,1,278
2017-Oct-18,428,0,279
2017-Oct-19,431,0,279
2017-Oct-20,432,0,276
2017-Oct-21,432,0,277
2017-Oct-22,432,0,278
2017-Oct-23,432,0,279
2017-Oct-24,432,0,280
2017-Oct-25,432,0,281
2017-Oct-26,438,0,273
2017-Oct-27,440,0,273
2017-Oct-28,441,0,273
2017-Oct-29,441,0,274
2017-Oct-30,441,0,275
2017-Oct-31,443,0,273
2017-Nov-01,445,5,273
2017-Nov-02,440,0,279
2017-Nov-03,441,0,279
2017-Nov-04,441,0,280
2017-Nov-05,441,1,281
2017-Nov-06,442,0,281
2017-Nov-07,443,0,280
2017-Nov-08,444,0,280
2017-Nov-09,446,0,281
2017-Nov-10,446,0,282
2017-Nov-11,447,0,282
2017-Nov-12,447,0,283
2017-Nov-13,447,4,284
2017-Nov-14,443,1,286
2017-Nov-15,444,0,286
2017-Nov-16,446,0,287
2017-Nov-17,446,31,288
2017-Nov-18,417,0,309
2017-Nov-19,417,0,310
2017-Nov-20,418,5,307
2017-Nov-21,413,1,313
2017-Nov-22,416,0,314
2017-Nov-23,417,0,314
2017-Nov-24,419,0,307
2017-Nov-25,423,0,303
2017-Nov-26,424,0,304
2017-Nov-27,424,0,305
2017-Nov-28,424,0,306
2017-Nov-29,425,0,306
2017-Nov-30,425,0,307
2017-Dec-01,427,0,307
2017-Dec-02,428,0,307
2017-Dec-03,428,0,308
2017-Dec-04,428,1,309
2017-Dec-05,428,0,310
2017-Dec-06,428,0,311
2017-Dec-07,430,0,309
2017-Dec-08,433,1,309
2017-Dec-09,434,0,310
2017-Dec-10,434,0,311
2017-Dec-11,434,0,312
2017-Dec-12,438,0,313
2017-Dec-13,438,0,314
2017-Dec-14,440,0,315
2017-Dec-15,442,0,316
2017-Dec-16,443,0,317
2017-Dec-17,443,0,318
2017-Dec-18,443,0,319
2017-Dec-19,443,0,320
2017-Dec-20,444,0,321
2017-Dec-21,445,0,322
2017-Dec-22,445,0,323
2017-Dec-23,445,0,324
2017-Dec-24,445,0,325
2017-Dec-25,446,0,325
2017-Dec-26,446,0,326
2017-Dec-27,446,0,327
2017-Dec-28,448,0,327
2017-Dec-29,448,0,328
2017-Dec-30,449,0,329
2017-Dec-31,450,0,330
2018-Jan-01,450,2,331
2018-Jan-02,448,20,332
2018-Jan-03,430,0,336
2018-Jan-04,435,0,336
2018-Jan-05,435,0,337
2018-Jan-06,437,0,338
2018-Jan-07,437,0,339
2018-Jan-08,439,0,340
2018-Jan-09,441,0,341
2018-Jan-10,442,0,342
2018-Jan-11,447,0,341
2018-Jan-12,449,0,342
2018-Jan-13,450,0,343
2018-Jan-14,450,0,344
2018-Jan-15,450,0,345
2018-Jan-16,451,0,345
2018-Jan-17,453,0,344
2018-Jan-18,453,0,345
2018-Jan-19,454,0,346
2018-Jan-20,454,3,347
2018-Jan-21,451,0,350
2018-Jan-22,452,0,350
2018-Jan-23,455,1,349
2018-Jan-24,456,0,350
2018-Jan-25,456,0,351
2018-Jan-26,457,1,352
2018-Jan-27,457,0,353
2018-Jan-28,457,0,354
2018-Jan-29,457,0,355
2018-Jan-30,459,0,356
2018-Jan-31,461,0,357
2018-Feb-01,467,0,357
2018-Feb-02,472,0,357
2018-Feb-03,472,1,358
2018-Feb-04,472,0,359
2018-Feb-05,472,0,360
2018-Feb-06,472,1,361
2018-Feb-07,473,0,362
2018-Feb-08,473,1,363
2018-Feb-09,474,12,364
2018-Feb-10,463,0,366
2018-Feb-11,464,0,367
2018-Feb-12,464,0,368
2018-Feb-13,466,0,369
2018-Feb-14,466,0,370
2018-Feb-15,467,1,371
2018-Feb-16,468,0,372
2018-Feb-17,469,0,373
2018-Feb-18,471,0,373
2018-Feb-19,471,1,374
2018-Feb-20,470,0,375
2018-Feb-21,475,0,376
2018-Feb-22,476,0,376
2018-Feb-23,477,6,377
2018-Feb-24,472,0,379
2018-Feb-25,473,0,380
2018-Feb-26,473,0,381
2018-Feb-27,476,0,381
2018-Feb-28,476,0,382
2018-Mar-01,476,0,383
2018-Mar-02,482,0,381
2018-Mar-03,485,0,381
2018-Mar-04,485,0,382
2018-Mar-05,486,0,383
2018-Mar-06,486,0,384
2018-Mar-07,486,0,385
2018-Mar-08,489,0,385
2018-Mar-09,489,0,386
2018-Mar-10,491,0,385
2018-Mar-11,491,0,386
2018-Mar-12,491,0,387
2018-Mar-13,491,0,388
2018-Mar-14,493,1,386
2018-Mar-15,492,0,387
2018-Mar-16,492,0,388
2018-Mar-17,492,0,389
2018-Mar-18,492,0,390
2018-Mar-19,492,0,391
2018-Mar-20,492,0,392
2018-Mar-21,494,0,393
2018-Mar-22,494,1,394
2018-Mar-23,493,0,395
2018-Mar-24,493,0,396
2018-Mar-25,493,0,397
2018-Mar-26,493,0,398
2018-Mar-27,496,0,398
2018-Mar-28,497,0,399
2018-Mar-29,499,0,399
2018-Mar-30,501,0,400
2018-Mar-31,501,0,401
2018-Apr-01,501,0,402
2018-Apr-02,501,0,403
2018-Apr-03,503,1,403
2018-Apr-04,504,0,402
2018-Apr-05,506,0,401
2018-Apr-06,508,1,401
2018-Apr-07,508,0,402
2018-Apr-08,508,0,403
2018-Apr-09,508,0,404
2018-Apr-10,509,0,405
2018-Apr-11,509,0,406
2018-Apr-12,511,0,405
2018-Apr-13,512,0,406
2018-Apr-14,514,0,406
2018-Apr-15,514,0,407
2018-Apr-16,515,0,408
2018-Apr-17,515,0,409
2018-Apr-18,515,2,410
2018-Apr-19,513,0,411
2018-Apr-20,515,0,410
2018-Apr-21,516,1,411
2018-Apr-22,515,0,412
2018-Apr-23,516,9,413
2018-Apr-24,507,10,417
2018-Apr-25,498,0,423
2018-Apr-26,499,3,422
2018-Apr-27,500,0,421
2018-Apr-28,501,0,421
2018-Apr-29,502,0,422
2018-Apr-30,503,0,423
2018-May-01,503,1,424
2018-May-02,506,0,424
2018-May-03,507,0,425
2018-May-04,509,0,424
2018-May-05,509,0,425
2018-May-06,509,0,426
2018-May-07,510,0,427
2018-May-08,511,1,428
2018-May-09,511,0,429
2018-May-10,512,0,429
2018-May-11,513,0,430
2018-May-12,513,0,431
2018-May-13,514,0,432
2018-May-14,514,0,433
2018-May-15,515,0,434
2018-May-16,515,0,435
2018-May-17,515,0,436
2018-May-18,516,0,436
2018-May-19,518,0,436
2018-May-20,518,0,437
2018-May-21,518,0,438
2018-May-22,518,13,439
2018-May-23,506,0,443
2018-May-24,507,0,444
2018-May-25,507,0,445
2018-May-26,507,0,446
2018-May-27,507,0,447
2018-May-28,507,0,448
2018-May-29,508,1,448
2018-May-30,513,2,446
2018-May-31,513,0,443
2018-Jun-01,515,0,443
2018-Jun-02,516,0,443
2018-Jun-03,516,0,444
2018-Jun-04,516,0,445
2018-Jun-05,516,1,446
2018-Jun-06,516,0,447
2018-Jun-07,516,0,448
2018-Jun-08,519,0,448
2018-Jun-09,523,0,448
2018-Jun-10,523,0,449
2018-Jun-11,523,0,450
2018-Jun-12,523,0,451
2018-Jun-13,523,0,452
2018-Jun-14,523,0,453
2018-Jun-15,524,0,453
2018-Jun-16,524,0,454
2018-Jun-17,524,0,455
2018-Jun-18,524,0,456
2018-Jun-19,525,0,456
2018-Jun-20,526,0,456
2018-Jun-21,526,0,457
2018-Jun-22,527,0,457
2018-Jun-23,529,0,457
2018-Jun-24,529,0,458
2018-Jun-25,529,0,459
2018-Jun-26,533,0,459
2018-Jun-27,537,0,457
2018-Jun-28,537,0,458
2018-Jun-29,543,0,458
2018-Jun-30,544,0,459
2018-Jul-01,544,0,460
2018-Jul-02,544,1,461
2018-Jul-03,544,0,462
2018-Jul-04,546,0,463
2018-Jul-05,547,0,463
2018-Jul-06,547,0,464
2018-Jul-07,547,0,465
2018-Jul-08,547,0,466
2018-Jul-09,547,0,467
2018-Jul-10,549,0,468
2018-Jul-11,550,1,469
2018-Jul-12,551,1,470
2018-Jul-13,550,0,471
2018-Jul-14,550,0,472
2018-Jul-15,550,0,473
2018-Jul-16,550,0,474
2018-Jul-17,551,0,475
2018-Jul-18,552,0,474
2018-Jul-19,552,0,475
2018-Jul-20,553,1,475
2018-Jul-21,572,0,458
2018-Jul-22,572,1,459
2018-Jul-23,571,0,460
2018-Jul-24,571,0,461
2018-Jul-25,571,0,462
2018-Jul-26,571,0,463
2018-Jul-27,590,1,450
2018-Jul-28,590,0,451
2018-Jul-29,590,0,452
2018-Jul-30,590,3,453
2018-Jul-31,588,0,458
2018-Aug-01,589,0,459
2018-Aug-02,589,0,460
2018-Aug-03,590,0,457
2018-Aug-04,592,0,453
2018-Aug-05,592,0,454
2018-Aug-06,593,0,453
2018-Aug-07,593,0,454
2018-Aug-08,593,0,455
2018-Aug-09,595,0,453
2018-Aug-10,597,0,448
2018-Aug-11,598,0,447
2018-Aug-12,598,0,448
2018-Aug-13,598,0,449
2018-Aug-14,599,0,447
2018-Aug-15,601,0,446
2018-Aug-16,601,0,447
2018-Aug-17,602,0,445
2018-Aug-18,602,0,446
2018-Aug-19,602,0,447
2018-Aug-20,602,0,448
2018-Aug-21,602,0,449
2018-Aug-22,602,0,450
2018-Aug-23,602,46,451
2018-Aug-24,561,0,496
2018-Aug-25,565,0,494
2018-Aug-26,565,0,495
2018-Aug-27,565,0,496
2018-Aug-28,567,0,496
2018-Aug-29,568,0,497
2018-Aug-30,569,0,498
2018-Aug-31,572,0,498
2018-Sep-01,576,1,494
2018-Sep-02,576,0,495
2018-Sep-03,577,0,495
2018-Sep-04,578,0,495
2018-Sep-05,582,15,495
2018-Sep-06,570,0,504
2018-Sep-07,574,8,503
2018-Sep-08,568,0,506
2018-Sep-09,568,0,507
2018-Sep-10,568,0,508
2018-Sep-11,573,3,506
2018-Sep-12,580,0,502
2018-Sep-13,587,2,491
2018-Sep-14,586,1,486
2018-Sep-15,588,0,482
2018-Sep-16,589,0,480
2018-Sep-17,589,0,481
2018-Sep-18,591,0,480
2018-Sep-19,593,0,475
2018-Sep-20,595,0,476
2018-Sep-21,599,1,475
2018-Sep-22,599,0,476
2018-Sep-23,599,0,477
2018-Sep-24,599,0,478
2018-Sep-25,600,0,479
2018-Sep-26,606,0,479
2018-Sep-27,613,1,471
2018-Sep-28,652,0,402
2018-Sep-29,656,0,388
2018-Sep-30,657,0,388
2018-Oct-01,657,1,389
2018-Oct-02,659,1,388
2018-Oct-03,663,0,389
2018-Oct-04,669,0,380
2018-Oct-05,671,3,380
2018-Oct-06,669,0,382
2018-Oct-07,669,0,383
2018-Oct-08,669,3,384
2018-Oct-09,669,1,384
2018-Oct-10,671,2,385
2018-Oct-11,670,0,385
2018-Oct-12,673,0,381
2018-Oct-13,677,0,380
2018-Oct-14,678,0,381
2018-Oct-15,679,0,382
2018-Oct-16,679,0,383
2018-Oct-17,680,0,383
2018-Oct-18,680,0,384
2018-Oct-19,683,0,378
2018-Oct-20,685,0,376
2018-Oct-21,686,0,376
2018-Oct-22,686,111,377
2018-Oct-23,576,0,538
2018-Oct-24,577,0,535
2018-Oct-25,579,0,533
2018-Oct-26,580,0,532
2018-Oct-27,583,0,526
2018-Oct-28,583,0,527
2018-Oct-29,583,0,528
2018-Oct-30,583,0,529
2018-Oct-31,584,0,528
2018-Nov-01,585,0,526
2018-Nov-02,586,1,526
2018-Nov-03,585,1,528
2018-Nov-04,584,0,532
2018-Nov-05,584,0,533
2018-Nov-06,585,0,531
2018-Nov-07,587,0,530
2018-Nov-08,587,0,531
2018-Nov-09,594,0,524
2018-Nov-10,595,0,525
2018-Nov-11,595,1,526
2018-Nov-12,594,0,527
2018-Nov-13,595,1,528
2018-Nov-14,595,1,529
2018-Nov-15,596,0,530
2018-Nov-16,598,0,531
2018-Nov-17,601,0,529
2018-Nov-18,601,0,530
2018-Nov-19,601,0,531
2018-Nov-20,603,0,531
2018-Nov-21,605,0,526
2018-Nov-22,606,0,527
2018-Nov-23,609,0,526
2018-Nov-24,610,0,527
2018-Nov-25,611,0,527
2018-Nov-26,613,0,524
2018-Nov-27,632,0,479
2018-Nov-28,633,1,477
2018-Nov-29,633,0,478
2018-Nov-30,633,1,479
2018-Dec-01,637,0,478
2018-Dec-02,638,1,478
2018-Dec-03,637,1,480
2018-Dec-04,637,17,481
2018-Dec-05,623,0,501
2018-Dec-06,623,0,502
2018-Dec-07,628,1,495
2018-Dec-08,631,0,493
2018-Dec-09,632,0,491
2018-Dec-10,634,1,488
2018-Dec-11,635,0,488
2018-Dec-12,641,1,487
2018-Dec-13,643,0,482
2018-Dec-14,644,0,479
2018-Dec-15,646,1,471
2018-Dec-16,645,0,477
2018-Dec-17,645,0,478
2018-Dec-18,651,0,465
2018-Dec-19,652,0,466
2018-Dec-20,653,0,467
2018-Dec-21,654,0,468
2018-Dec-22,655,0,469
2018-Dec-23,655,0,470
2018-Dec-24,656,0,467
2018-Dec-25,656,0,468
2018-Dec-26,656,0,469
2018-Dec-27,656,0,470
2018-Dec-28,657,0,468
2018-Dec-29,657,0,469
2018-Dec-30,657,0,470
2018-Dec-31,657,0,471
2019-Jan-01,657,0,472
2019-Jan-02,657,1,473
2019-Jan-03,656,0,474
2019-Jan-04,656,0,475
2019-Jan-05,656,0,476
2019-Jan-06,657,0,477
2019-Jan-07,657,0,478
2019-Jan-08,658,1,477
2019-Jan-09,658,0,478
2019-Jan-10,658,0,479
2019-Jan-11,659,0,479
2019-Jan-12,661,0,479
2019-Jan-13,662,0,480
2019-Jan-14,662,0,481
2019-Jan-15,663,0,482
2019-Jan-16,663,0,483
2019-Jan-17,664,0,483
2019-Jan-18,665,0,482
2019-Jan-19,666,0,482
2019-Jan-20,667,0,481
2019-Jan-21,667,0,482
2019-Jan-22,668,0,482
2019-Jan-23,668,2,483
2019-Jan-24,667,19,483
2019-Jan-25,648,0,483
2019-Jan-26,651,0,477
2019-Jan-27,651,16,478
2019-Jan-28,636,0,496
2019-Jan-29,639,0,496
2019-Jan-30,639,0,497
2019-Jan-31,642,0,494
2019-Feb-01,645,1,491
2019-Feb-02,646,0,491
2019-Feb-03,646,3,492
2019-Feb-04,644,0,493
2019-Feb-05,644,1,494
2019-Feb-06,644,0,495
2019-Feb-07,648,39,487
2019-Feb-08,610,0,499
2019-Feb-09,612,0,499
2019-Feb-10,612,0,500
2019-Feb-11,614,0,500
2019-Feb-12,614,0,501
2019-Feb-13,616,0,498
2019-Feb-14,617,0,496
2019-Feb-15,617,0,497
2019-Feb-16,619,1,488
2019-Feb-17,618,0,494
2019-Feb-18,618,3,495
2019-Feb-19,617,0,491
2019-Feb-20,620,0,485
2019-Feb-21,622,0,483
2019-Feb-22,622,0,484
2019-Feb-23,624,0,485
2019-Feb-24,624,0,486
2019-Feb-25,624,1,487
2019-Feb-26,624,0,488
2019-Feb-27,625,0,489
2019-Feb-28,626,0,490
2019-Mar-01,628,0,490
2019-Mar-02,628,0,491
2019-Mar-03,628,0,492
2019-Mar-04,628,0,493
2019-Mar-05,628,0,494
2019-Mar-06,628,0,495
2019-Mar-07,628,0,496
2019-Mar-08,628,0,497
2019-Mar-09,629,11,498
2019-Mar-10,619,2,507
2019-Mar-11,617,0,508
2019-Mar-12,617,0,509
2019-Mar-13,617,0,510
2019-Mar-14,618,0,507
2019-Mar-15,619,0,505
2019-Mar-16,619,0,506
2019-Mar-17,619,0,507
2019-Mar-18,619,0,508
2019-Mar-19,619,0,509
2019-Mar-20,622,0,510
2019-Mar-21,622,0,511
2019-Mar-22,623,0,512
2019-Mar-23,626,0,512
2019-Mar-24,627,0,513
2019-Mar-25,627,16,514
2019-Mar-26,612,1,526
2019-Mar-27,612,0,527
2019-Mar-28,613,0,528
2019-Mar-29,614,1,528
2019-Mar-30,616,0,523
2019-Mar-31,616,0,524
2019-Apr-01,616,0,525
2019-Apr-02,617,0,523
2019-Apr-03,620,0,524
2019-Apr-04,622,1,525
2019-Apr-05,621,0,526
2019-Apr-06,622,0,527
2019-Apr-07,622,0,528
2019-Apr-08,626,0,527
2019-Apr-09,627,0,528
2019-Apr-10,627,0,529
2019-Apr-11,628,0,528
2019-Apr-12,630,7,527
2019-Apr-13,624,0,533
2019-Apr-14,624,0,534
2019-Apr-15,624,0,535
2019-Apr-16,625,0,536
2019-Apr-17,626,3,536
2019-Apr-18,623,0,538
2019-Apr-19,623,0,539
2019-Apr-20,623,0,540
2019-Apr-21,624,0,540
2019-Apr-22,624,0,541
2019-Apr-23,628,0,538
2019-Apr-24,629,0,539
2019-Apr-25,630,1,539
2019-Apr-26,629,0,541
2019-Apr-27,631,0,540
2019-Apr-28,631,0,541
2019-Apr-29,634,0,537
2019-Apr-30,635,0,537
2019-May-01,638,0,534
2019-May-02,641,0,532
2019-May-03,641,0,533
2019-May-04,643,0,532
2019-May-05,643,0,533
2019-May-06,643,6,534
2019-May-07,637,0,537
2019-May-08,638,0,538
2019-May-09,639,0,539
2019-May-10,639,0,540
2019-May-11,640,0,540
2019-May-12,640,0,541
2019-May-13,640,0,542
2019-May-14,641,0,542
2019-May-15,641,0,543
2019-May-16,642,0,544
2019-May-17,643,0,545
2019-May-18,644,0,544
2019-May-19,645,0,543
2019-May-20,645,0,544
2019-May-21,645,0,545
2019-May-22,647,0,546
2019-May-23,647,0,547
2019-May-24,648,0,548
2019-May-25,653,0,546
2019-May-26,653,0,547
2019-May-27,654,0,548
2019-May-28,654,0,549
2019-May-29,657,0,550
2019-May-30,657,0,551
2019-May-31,659,0,551
2019-Jun-01,659,0,552
2019-Jun-02,659,0,553
2019-Jun-03,659,0,554
2019-Jun-04,659,0,555
2019-Jun-05,659,0,556
2019-Jun-06,660,0,556
2019-Jun-07,660,0,557
2019-Jun-08,661,0,556
2019-Jun-09,661,0,557
2019-Jun-10,661,0,558
2019-Jun-11,661,0,559
2019-Jun-12,661,0,560
2019-Jun-13,661,0,561
2019-Jun-14,661,0,562
2019-Jun-15,661,2,563
2019-Jun-16,659,0,567
2019-Jun-17,659,2,568
2019-Jun-18,657,0,570
2019-Jun-19,659,0,570
2019-Jun-20,661,0,568
2019-Jun-21,661,0,569
2019-Jun-22,661,0,570
2019-Jun-23,661,0,571
2019-Jun-24,661,0,572
2019-Jun-25,661,0,573
2019-Jun-26,662,0,573
2019-Jun-27,663,0,573
2019-Jun-28,664,0,573
2019-Jun-29,665,0,574
2019-Jun-30,665,0,575
2019-Jul-01,666,10,573
2019-Jul-02,657,0,584
2019-Jul-03,657,0,585
2019-Jul-04,658,0,586
2019-Jul-05,659,0,586
2019-Jul-06,661,0,584
2019-Jul-07,661,0,585
2019-Jul-08,662,1,585
2019-Jul-09,661,0,587
2019-Jul-10,661,0,588
2019-Jul-11,661,0,589
2019-Jul-12,663,0,588
2019-Jul-13,665,0,588
2019-Jul-14,665,0,589
2019-Jul-15,665,0,590
2019-Jul-16,666,0,588
2019-Jul-17,666,0,589
2019-Jul-18,666,0,590
2019-Jul-19,666,0,591
2019-Jul-20,666,0,592
2019-Jul-21,667,0,591
2019-Jul-22,667,0,592
2019-Jul-23,667,0,593
2019-Jul-24,667,11,594
2019-Jul-25,656,0,602
2019-Jul-26,656,1,603
2019-Jul-27,656,0,604
2019-Jul-28,656,0,605
2019-Jul-29,656,0,606
2019-Jul-30,656,0,607
2019-Jul-31,657,0,607
2019-Aug-01,657,0,608
2019-Aug-02,657,0,609
2019-Aug-03,659,0,609
2019-Aug-04,659,0,610
2019-Aug-05,659,0,611
2019-Aug-06,660,0,609
2019-Aug-07,661,5,608
2019-Aug-08,656,0,608
2019-Aug-09,657,0,608
2019-Aug-10,658,0,609
2019-Aug-11,658,0,610
2019-Aug-12,658,3,611
2019-Aug-13,657,0,612
2019-Aug-14,657,3,613
2019-Aug-15,654,0,615
2019-Aug-16,654,0,616
2019-Aug-17,654,0,617
2019-Aug-18,654,0,618
2019-Aug-19,654,0,619
2019-Aug-20,654,0,620
2019-Aug-21,654,0,621
2019-Aug-22,654,0,622
2019-Aug-23,654,0,623
2019-Aug-24,654,0,624
2019-Aug-25,655,0,624
2019-Aug-26,655,2,625
2019-Aug-27,653,0,627
2019-Aug-28,654,1,628
2019-Aug-29,655,1,628
2019-Aug-30,655,0,629
2019-Aug-31,655,0,630
2019-Sep-01,655,0,631
2019-Sep-02,655,1,632
2019-Sep-03,655,0,633
2019-Sep-04,657,0,634
2019-Sep-05,657,0,635
2019-Sep-06,657,0,636
2019-Sep-07,657,0,637
2019-Sep-08,658,0,636
2019-Sep-09,658,0,637
2019-Sep-10,658,0,638
2019-Sep-11,659,0,638
2019-Sep-12,659,0,639
2019-Sep-13,659,0,640
2019-Sep-14,659,0,641
2019-Sep-15,659,0,642
2019-Sep-16,659,1,643
2019-Sep-17,659,0,644
2019-Sep-18,659,0,645
2019-Sep-19,659,0,646
2019-Sep-20,659,0,647
2019-Sep-21,660,0,648
2019-Sep-22,660,0,649
2019-Sep-23,660,0,650
2019-Sep-24,660,0,651
2019-Sep-25,662,0,652
2019-Sep-26,663,0,653
2019-Sep-27,663,0,654
2019-Sep-28,663,0,655
2019-Sep-29,663,0,656
2019-Sep-30,663,1,657
2019-Oct-01,662,13,657
2019-Oct-02,651,0,656
2019-Oct-03,651,1,657
2019-Oct-04,651,0,658
2019-Oct-05,651,0,659
2019-Oct-06,651,0,660
2019-Oct-07,651,0,661
2019-Oct-08,651,0,662
2019-Oct-09,652,0,662
2019-Oct-10,652,1,663
2019-Oct-11,651,2,664
2019-Oct-12,650,0,658
2019-Oct-13,650,0,659
2019-Oct-14,651,0,658
2019-Oct-15,652,0,656
2019-Oct-16,653,0,655
2019-Oct-17,654,0,655
2019-Oct-18,657,0,653
2019-Oct-19,658,0,653
2019-Oct-20,658,0,654
2019-Oct-21,658,0,655
2019-Oct-22,659,0,656
2019-Oct-23,660,0,657
2019-Oct-24,660,0,658
2019-Oct-25,662,1,659
2019-Oct-26,661,2,660
2019-Oct-27,660,0,661
2019-Oct-28,660,0,662
2019-Oct-29,660,0,663
2019-Oct-30,660,0,664
2019-Oct-31,660,0,665
2019-Nov-01,660,0,666
2019-Nov-02,661,0,667
2019-Nov-03,662,0,667
2019-Nov-04,662,0,668
2019-Nov-05,663,0,668
2019-Nov-06,663,0,669
2019-Nov-07,663,0,670
2019-Nov-08,663,0,671
2019-Nov-09,663,0,672
2019-Nov-10,664,0,673
2019-Nov-11,664,0,674
2019-Nov-12,664,0,675
2019-Nov-13,665,0,676
2019-Nov-14,666,0,675
2019-Nov-15,668,0,674
2019-Nov-16,669,0,675
2019-Nov-17,669,0,676
2019-Nov-18,669,0,677
2019-Nov-19,670,0,677
2019-Nov-20,670,0,678
2019-Nov-21,670,0,679
2019-Nov-22,670,0,680
2019-Nov-23,671,0,681
2019-Nov-24,672,0,682
2019-Nov-25,672,0,683
2019-Nov-26,672,1,684
2019-Nov-27,671,0,685
2019-Nov-28,671,0,686
2019-Nov-29,671,0,687
2019-Nov-30,672,0,688
2019-Dec-01,672,1,689
2019-Dec-02,672,11,689
2019-Dec-03,661,0,692
2019-Dec-04,661,0,693
2019-Dec-05,661,0,694
2019-Dec-06,661,0,695
2019-Dec-07,661,0,696
2019-Dec-08,661,0,697
2019-Dec-09,661,0,698
2019-Dec-10,662,0,698
2019-Dec-11,662,0,699
2019-Dec-12,662,0,700
2019-Dec-13,663,0,701
2019-Dec-14,664,0,702
2019-Dec-15,664,0,703
2019-Dec-16,664,0,704
2019-Dec-17,666,0,704
2019-Dec-18,666,0,705
2019-Dec-19,666,0,706
2019-Dec-20,668,0,704
2019-Dec-21,668,0,705
2019-Dec-22,668,0,706
2019-Dec-23,668,0,707
2019-Dec-24,668,0,708
2019-Dec-25,668,0,709
2019-Dec-26,668,0,710
2019-Dec-27,668,0,711
2019-Dec-28,670,0,710
2019-Dec-29,670,0,711
2019-Dec-30,670,0,712
2019-Dec-31,670,0,713
2020-Jan-01,670,1,714
2020-Jan-02,671,0,715
2020-Jan-03,671,0,716
2020-Jan-04,671,0,717
2020-Jan-05,671,1,718
2020-Jan-06,670,0,719
2020-Jan-07,671,0,720
2020-Jan-08,671,0,721
2020-Jan-09,672,0,721
2020-Jan-10,675,0,718
2020-Jan-11,675,0,719
2020-Jan-12,675,0,720
2020-Jan-13,675,0,721
2020-Jan-14,678,0,721
2020-Jan-15,678,1,722
2020-Jan-16,678,2,723
2020-Jan-17,677,0,724
2020-Jan-18,678,0,725
2020-Jan-19,678,0,726
2020-Jan-20,678,0,727
2020-Jan-21,678,0,728
2020-Jan-22,678,0,729
2020-Jan-23,680,0,729
2020-Jan-24,680,0,730
2020-Jan-25,681,0,731
2020-Jan-26,683,0,730
2020-Jan-27,683,0,731
2020-Jan-28,685,0,731
2020-Jan-29,685,0,732
2020-Jan-30,685,0,733
2020-Jan-31,685,0,734
2020-Feb-01,685,1,735
2020-Feb-02,684,0,737
2020-Feb-03,686,0,735
2020-Feb-04,686,1,736
2020-Feb-05,685,0,734
2020-Feb-06,685,0,735
2020-Feb-07,690,0,732
2020-Feb-08,692,0,730
2020-Feb-09,692,0,731
2020-Feb-10,693,0,731
2020-Feb-11,695,0,731
2020-Feb-12,695,1,732
2020-Feb-13,694,0,733
2020-Feb-14,694,0,734
2020-Feb-15,694,0,735
2020-Feb-16,694,0,736
2020-Feb-17,694,0,737
2020-Feb-18,694,0,738
2020-Feb-19,694,0,739
2020-Feb-20,695,0,739
2020-Feb-21,696,17,739
2020-Feb-22,679,0,757
2020-Feb-23,679,0,758
2020-Feb-24,679,0,759
2020-Feb-25,679,0,760
2020-Feb-26,681,0,760
2020-Feb-27,681,0,761
2020-Feb-28,681,0,762
2020-Feb-29,683,0,758
2020-Mar-01,683,0,759
2020-Mar-02,683,0,760
2020-Mar-03,683,0,761
2020-Mar-04,684,0,762
2020-Mar-05,684,0,763
2020-Mar-06,686,0,763
2020-Mar-07,687,0,762
2020-Mar-08,687,0,763
2020-Mar-09,688,1,763
2020-Mar-10,689,0,762
2020-Mar-11,690,0,762
2020-Mar-12,691,0,762
2020-Mar-13,691,0,763
2020-Mar-14,691,0,764
2020-Mar-15,691,0,765
2020-Mar-16,691,2,766
2020-Mar-17,690,0,768
2020-Mar-18,690,0,769
2020-Mar-19,690,0,770
2020-Mar-20,690,0,771
2020-Mar-21,690,0,772
2020-Mar-22,690,0,773
2020-Mar-23,692,0,773
2020-Mar-24,692,0,774
2020-Mar-25,693,0,774
2020-Mar-26,694,0,775
2020-Mar-27,694,0,776
2020-Mar-28,694,0,777
2020-Mar-29,697,0,775
2020-Mar-30,700,0,772
2020-Mar-31,700,0,773
2020-Apr-01,701,0,774
2020-Apr-02,701,0,775
2020-Apr-03,701,0,776
2020-Apr-04,701,0,777
2020-Apr-05,702,1,776
2020-Apr-06,701,1,779
2020-Apr-07,702,0,778
2020-Apr-08,704,0,777
2020-Apr-09,705,1,778
2020-Apr-10,705,0,779
2020-Apr-11,705,0,780
2020-Apr-12,705,0,781
2020-Apr-13,705,0,782
2020-Apr-14,705,0,783
2020-Apr-15,705,0,784
2020-Apr-16,705,0,785
2020-Apr-17,707,0,786
2020-Apr-18,707,0,787
2020-Apr-19,707,0,788
2020-Apr-20,707,1,789
2020-Apr-21,706,0,790
2020-Apr-22,706,0,791
2020-Apr-23,706,0,792
2020-Apr-24,706,0,793
2020-Apr-25,707,0,794
2020-Apr-26,707,0,795
2020-Apr-27,707,0,796
2020-Apr-28,707,0,797
2020-Apr-29,709,10,796
2020-Apr-30,701,1,799
2020-May-01,702,0,799
2020-May-02,706,0,795
2020-May-03,706,0,796
2020-May-04,706,0,797
2020-May-05,706,1,798
2020-May-06,705,0,799
2020-May-07,705,0,800
2020-May-08,708,0,800
2020-May-09,709,0,799
2020-May-10,709,0,800
2020-May-11,709,0,801
2020-May-12,709,6,802
2020-May-13,703,0,803
2020-May-14,704,0,803
2020-May-15,705,0,804
2020-May-16,705,0,805
2020-May-17,705,0,806
2020-May-18,705,1,807
2020-May-19,705,5,808
2020-May-20,701,0,810
2020-May-21,702,0,811
2020-May-22,702,0,812
2020-May-23,702,0,813
2020-May-24,703,0,814
2020-May-25,703,0,815
2020-May-26,703,9,816
2020-May-27,694,0,819
2020-May-28,694,0,820
2020-May-29,694,0,821
2020-May-30,694,0,822
2020-May-31,694,0,823
2020-Jun-01,694,0,824
2020-Jun-02,695,0,823
2020-Jun-03,695,1,824
2020-Jun-04,695,2,825
2020-Jun-05,694,0,828
2020-Jun-06,697,0,827
2020-Jun-07,697,0,828
2020-Jun-08,698,0,829
2020-Jun-09,699,0,830
2020-Jun-10,700,0,831
2020-Jun-11,703,0,831
2020-Jun-12,705,0,830
2020-Jun-13,706,0,830
2020-Jun-14,707,0,829
2020-Jun-15,707,0,830
2020-Jun-16,708,0,831
2020-Jun-17,708,0,832
2020-Jun-18,708,0,833
2020-Jun-19,708,4,834
2020-Jun-20,704,0,839
2020-Jun-21,704,0,840
2020-Jun-22,705,0,840
2020-Jun-23,707,0,838
2020-Jun-24,708,0,839
2020-Jun-25,709,0,840
2020-Jun-26,711,0,841
2020-Jun-27,712,0,839
2020-Jun-28,712,0,840
2020-Jun-29,712,0,841
2020-Jun-30,712,0,842
2020-Jul-01,712,0,843
2020-Jul-02,713,0,841
2020-Jul-03,713,0,842
2020-Jul-04,715,0,843
2020-Jul-05,715,0,844
2020-Jul-06,715,0,845
2020-Jul-07,716,1,839
2020-Jul-08,716,2,840
2020-Jul-09,716,0,841
2020-Jul-10,716,0,842
2020-Jul-11,716,1,843
2020-Jul-12,716,0,844
2020-Jul-13,716,0,845
2020-Jul-14,716,1,846
2020-Jul-15,715,0,854
2020-Jul-16,715,0,855
2020-Jul-17,715,0,856
2020-Jul-18,716,0,850
2020-Jul-19,716,1,851
2020-Jul-20,715,0,859
2020-Jul-21,715,0,860
2020-Jul-22,715,0,861
2020-Jul-23,715,0,862
2020-Jul-24,715,0,863
2020-Jul-25,715,0,864
2020-Jul-26,715,0,865
2020-Jul-27,715,0,866
2020-Jul-28,717,0,854
2020-Jul-29,718,0,855
2020-Jul-30,719,2,856
2020-Jul-31,719,0,857
2020-Aug-01,720,0,857
2020-Aug-02,720,0,858
2020-Aug-03,721,0,857
2020-Aug-04,721,0,858
2020-Aug-05,721,0,859
2020-Aug-06,721,0,860
2020-Aug-07,721,0,861
2020-Aug-08,721,0,862
2020-Aug-09,721,0,863
2020-Aug-10,722,0,862
2020-Aug-11,722,0,863
2020-Aug-12,724,5,862
2020-Aug-13,719,0,870
2020-Aug-14,719,0,871
2020-Aug-15,719,0,872
2020-Aug-16,719,0,873
2020-Aug-17,719,0,874
2020-Aug-18,720,0,874
2020-Aug-19,720,0,875
2020-Aug-20,720,0,876
2020-Aug-21,720,0,877
2020-Aug-22,722,0,874
2020-Aug-23,722,0,875
2020-Aug-24,722,6,876
2020-Aug-25,716,0,877
2020-Aug-26,716,3,878
2020-Aug-27,713,6,884
2020-Aug-28,708,0,885
2020-Aug-29,708,0,886
2020-Aug-30,708,0,887
2020-Aug-31,708,0,888
2020-Sep-01,709,0,889
2020-Sep-02,710,0,889
2020-Sep-03,710,0,890
2020-Sep-04,710,0,891
2020-Sep-05,711,0,890
2020-Sep-06,711,0,891
2020-Sep-07,711,0,892
2020-Sep-08,713,0,889
2020-Sep-09,713,0,890
2020-Sep-10,713,1,891
2020-Sep-11,715,2,892
2020-Sep-12,713,0,893
2020-Sep-13,713,0,894
2020-Sep-14,713,0,895
2020-Sep-15,713,0,896
2020-Sep-16,713,0,897
2020-Sep-17,713,0,898
2020-Sep-18,713,0,899
2020-Sep-19,713,0,900
2020-Sep-20,713,0,901
2020-Sep-21,713,0,902
2020-Sep-22,713,0,903
2020-Sep-23,713,0,904
2020-Sep-24,714,0,905
2020-Sep-25,715,0,906
2020-Sep-26,716,0,906
2020-Sep-27,716,0,907
2020-Sep-28,716,0,908
2020-Sep-29,716,0,909
2020-Sep-30,716,0,910
2020-Oct-01,716,0,911
2020-Oct-02,716,0,912
2020-Oct-03,716,0,913
2020-Oct-04,716,0,914
2020-Oct-05,716,0,915
2020-Oct-06,716,0,916
2020-Oct-07,716,0,917
2020-Oct-08,718,0,918
2020-Oct-09,719,0,918
2020-Oct-10,719,0,919
2020-Oct-11,719,0,920
2020-Oct-12,720,0,918
2020-Oct-13,720,0,919
2020-Oct-14,721,0,916
2020-Oct-15,721,0,917
2020-Oct-16,721,0,918
2020-Oct-17,721,0,919
2020-Oct-18,721,0,920
2020-Oct-19,721,0,921
2020-Oct-20,721,0,922
2020-Oct-21,721,0,923
2020-Oct-22,721,0,924
2020-Oct-23,721,0,925
2020-Oct-24,721,1,926
2020-Oct-25,720,0,931
2020-Oct-26,720,3,932
2020-Oct-27,717,0,937
2020-Oct-28,719,0,937
2020-Oct-29,719,0,938
2020-Oct-30,720,0,936
2020-Oct-31,720,0,937
2020-Nov-01,720,0,938
2020-Nov-02,720,0,939
2020-Nov-03,720,0,940
2020-Nov-04,721,0,937
2020-Nov-05,723,0,937
2020-Nov-06,724,0,937
2020-Nov-07,724,0,938
2020-Nov-08,724,0,939
2020-Nov-09,724,0,940
2020-Nov-10,725,0,941
2020-Nov-11,725,2,942
2020-Nov-12,725,0,943
2020-Nov-13,725,1,944
2020-Nov-14,726,0,944
2020-Nov-15,726,0,945
2020-Nov-16,726,0,946
2020-Nov-17,726,0,947
2020-Nov-18,726,0,948
2020-Nov-19,727,0,948
2020-Nov-20,728,0,945
2020-Nov-21,729,0,943
2020-Nov-22,729,0,944
2020-Nov-23,729,0,945
2020-Nov-24,729,0,946
2020-Nov-25,729,0,947
2020-Nov-26,729,0,948
2020-Nov-27,729,0,949
2020-Nov-28,730,0,948
2020-Nov-29,730,0,949
2020-Nov-30,730,1,950
2020-Dec-01,729,0,953
2020-Dec-02,729,0,954
2020-Dec-03,730,1,953
2020-Dec-04,729,0,956
2020-Dec-05,730,0,955
2020-Dec-06,730,0,956
2020-Dec-07,730,0,957
2020-Dec-08,730,0,958
2020-Dec-09,730,0,959
2020-Dec-10,730,0,960
2020-Dec-11,732,0,960
2020-Dec-12,732,0,961
2020-Dec-13,732,0,962
2020-Dec-14,732,0,963
2020-Dec-15,733,0,963
2020-Dec-16,733,0,964
2020-Dec-17,733,0,965
2020-Dec-18,733,2,966
2020-Dec-19,731,0,968
2020-Dec-20,731,0,969
2020-Dec-21,731,0,970
2020-Dec-22,731,0,971
2020-Dec-23,731,0,972
2020-Dec-24,732,0,973
2020-Dec-25,732,0,974
2020-Dec-26,732,0,975
2020-Dec-27,733,0,975
2020-Dec-28,733,0,976
2020-Dec-29,733,0,977
2020-Dec-30,733,0,978
2020-Dec-31,733,0,979
2021-Jan-01,733,0,980
2021-Jan-02,733,0,981
2021-Jan-03,733,0,982
2021-Jan-04,733,0,983
2021-Jan-05,733,0,984
2021-Jan-06,734,0,985
2021-Jan-07,734,0,986
2021-Jan-08,734,0,987
2021-Jan-09,734,0,988
2021-Jan-10,734,0,989
2021-Jan-11,734,0,990
2021-Jan-12,735,0,991
2021-Jan-13,735,0,992
2021-Jan-14,736,0,993
2021-Jan-15,736,3,994
2021-Jan-16,733,0,995
2021-Jan-17,733,0,996
2021-Jan-18,733,0,997
2021-Jan-19,734,0,998
2021-Jan-20,735,0,999
2021-Jan-21,736,0,1000
2021-Jan-22,736,0,1001
2021-Jan-23,736,0,1002
2021-Jan-24,736,0,1003
2021-Jan-25,736,0,1004
2021-Jan-26,736,0,1005
2021-Jan-27,736,0,1006
2021-Jan-28,736,0,1007
2021-Jan-29,737,0,1008
2021-Jan-30,739,0,1004
2021-Jan-31,739,0,1005
2021-Feb-01,739,0,1006
2021-Feb-02,739,0,1007
2021-Feb-03,739,0,1008
2021-Feb-04,739,0,1009
2021-Feb-05,739,0,1010
2021-Feb-06,739,0,1011
2021-Feb-07,739,0,1012
2021-Feb-08,739,0,1013
2021-Feb-09,740,0,1014
2021-Feb-10,740,0,1015
2021-Feb-11,740,0,1016
2021-Feb-12,740,0,1017
2021-Feb-13,740,0,1018
2021-Feb-14,740,0,1019
2021-Feb-15,740,0,1020
2021-Feb-16,740,0,1021
2021-Feb-17,741,0,1022
2021-Feb-18,741,0,1023
2021-Feb-19,742,0,1021
2021-Feb-20,743,0,1020
2021-Feb-21,744,0,1019
2021-Feb-22,744,0,1020
2021-Feb-23,744,1,1021
2021-Feb-24,743,0,1024
2021-Feb-25,743,6,1025
2021-Feb-26,737,0,1036
2021-Feb-27,737,0,1037
2021-Feb-28,737,0,1038
2021-Mar-01,737,0,1039
2021-Mar-02,737,2,1040
2021-Mar-03,735,0,1041
2021-Mar-04,737,0,1042
2021-Mar-05,737,0,1043
2021-Mar-06,739,0,1039
2021-Mar-07,739,0,1040
2021-Mar-08,739,0,1041
2021-Mar-09,739,0,1042
2021-Mar-10,740,0,1043
2021-Mar-11,740,0,1044
2021-Mar-12,741,0,1045
2021-Mar-13,745,0,1038
2021-Mar-14,747,0,1038
2021-Mar-15,747,0,1039
2021-Mar-16,747,0,1040
2021-Mar-17,747,0,1041
2021-Mar-18,748,1,1040
2021-Mar-19,748,0,1041
2021-Mar-20,748,0,1042
2021-Mar-21,748,0,1043
2021-Mar-22,748,0,1044
2021-Mar-23,749,0,1043
2021-Mar-24,749,2,1044
2021-Mar-25,747,1,1049
2021-Mar-26,748,0,1048
2021-Mar-27,748,0,1049
2021-Mar-28,748,0,1050
2021-Mar-29,748,0,1051
2021-Mar-30,748,0,1052
2021-Mar-31,749,1,1051
2021-Apr-01,750,0,1050
2021-Apr-02,751,0,1050
2021-Apr-03,751,0,1051
2021-Apr-04,751,0,1052
2021-Apr-05,752,0,1050
2021-Apr-06,752,0,1051
2021-Apr-07,752,2,1052
2021-Apr-08,752,0,1053
2021-Apr-09,753,1,1051
2021-Apr-10,753,1,1052
2021-Apr-11,752,0,1056
2021-Apr-12,752,0,1057
2021-Apr-13,752,0,1058
2021-Apr-14,752,0,1059
2021-Apr-15,753,0,1057
2021-Apr-16,753,0,1058
2021-Apr-17,753,0,1059
2021-Apr-18,753,0,1060
2021-Apr-19,753,0,1061
2021-Apr-20,754,0,1059
2021-Apr-21,754,0,1060
2021-Apr-22,755,0,1058
2021-Apr-23,755,0,1059
2021-Apr-24,755,0,1060
2021-Apr-25,755,0,1061
2021-Apr-26,755,0,1062
2021-Apr-27,755,3,1063
2021-Apr-28,752,0,1073
2021-Apr-29,752,1,1074
2021-Apr-30,752,0,1075
2021-May-01,752,0,1076
2021-May-02,752,0,1077
2021-May-03,752,0,1078
2021-May-04,752,1,1079
2021-May-05,752,0,1080
2021-May-06,752,0,1081
2021-May-07,754,0,1076
2021-May-08,754,0,1077
2021-May-09,755,1,1075
2021-May-10,754,0,1079
2021-May-11,754,1,1080
2021-May-12,754,1,1081
2021-May-13,754,0,1082
2021-May-14,754,0,1083
2021-May-15,754,0,1084
2021-May-16,754,0,1085
2021-May-17,754,0,1086
2021-May-18,754,0,1087
2021-May-19,756,0,1084
2021-May-20,756,0,1085
2021-May-21,756,0,1086
2021-May-22,756,0,1087
2021-May-23,756,0,1088
2021-May-24,756,2,1089
2021-May-25,754,0,1094
2021-May-26,754,0,1095
2021-May-27,755,0,1093
2021-May-28,755,0,1094
2021-May-29,755,0,1095
2021-May-30,755,0,1096
2021-May-31,755,0,1097
2021-Jun-01,756,0,1097
2021-Jun-02,756,0,1098
2021-Jun-03,757,0,1099
2021-Jun-04,758,0,1099
2021-Jun-05,758,0,1100
2021-Jun-06,758,1,1101
2021-Jun-07,757,0,1103
2021-Jun-08,757,1,1104
2021-Jun-09,756,0,1105
2021-Jun-10,756,0,1106
2021-Jun-11,756,0,1107
2021-Jun-12,756,0,1108
2021-Jun-13,756,0,1109
2021-Jun-14,756,0,1110
2021-Jun-15,756,0,1111
2021-Jun-16,757,0,1112
2021-Jun-17,757,0,1113
2021-Jun-18,757,0,1114
2021-Jun-19,757,0,1115
2021-Jun-20,757,0,1116
2021-Jun-21,757,0,1117
2021-Jun-22,757,1,1118
2021-Jun-23,757,0,1119
2021-Jun-24,757,0,1120
2021-Jun-25,757,0,1121
2021-Jun-26,757,0,1122
2021-Jun-27,757,0,1123
2021-Jun-28,757,0,1124
2021-Jun-29,757,0,1125
2021-Jun-30,757,0,1126
2021-Jul-01,757,3,1127
2021-Jul-02,755,0,1129
2021-Jul-03,755,0,1130
2021-Jul-04,755,0,1131
2021-Jul-05,755,0,1132
2021-Jul-06,755,0,1133
2021-Jul-07,755,0,1134
2021-Jul-08,755,2,1135
2021-Jul-09,753,0,1142
2021-Jul-10,753,0,1143
2021-Jul-11,753,0,1144
2021-Jul-12,753,0,1145
2021-Jul-13,753,0,1146
2021-Jul-14,753,0,1147
2021-Jul-15,754,0,1145
2021-Jul-16,754,0,1146
2021-Jul-17,755,0,1144
2021-Jul-18,755,0,1145
2021-Jul-19,755,0,1146
2021-Jul-20,755,0,1147
2021-Jul-21,755,0,1148
2021-Jul-22,755,0,1149
2021-Jul-23,755,0,1150
2021-Jul-24,755,0,1151
2021-Jul-25,755,0,1152
2021-Jul-26,755,0,1153
2021-Jul-27,755,0,1154
2021-Jul-28,755,0,1155
2021-Jul-29,755,0,1156
2021-Jul-30,755,2,1157
2021-Jul-31,753,0,1164
2021-Aug-01,753,0,1165
2021-Aug-02,753,0,1166
2021-Aug-03,753,0,1167
2021-Aug-04,753,0,1168
2021-Aug-05,753,0,1169
2021-Aug-06,753,5,1170
2021-Aug-07,748,0,1168
2021-Aug-08,748,0,1169
2021-Aug-09,748,0,1170
2021-Aug-10,748,0,1171
2021-Aug-11,748,0,1172
2021-Aug-12,748,0,1173
2021-Aug-13,749,0,1171
2021-Aug-14,749,0,1172
2021-Aug-15,749,0,1173
2021-Aug-16,749,0,1174
2021-Aug-17,749,0,1175
2021-Aug-18,750,0,1175
2021-Aug-19,750,0,1176
2021-Aug-20,750,0,1177
2021-Aug-21,750,0,1178
2021-Aug-22,750,0,1179
2021-Aug-23,750,0,1180
2021-Aug-24,751,0,1181
2021-Aug-25,751,0,1182
2021-Aug-26,751,0,1183
2021-Aug-27,752,0,1183
2021-Aug-28,753,0,1184
2021-Aug-29,753,0,1185
2021-Aug-30,753,1,1186
2021-Aug-31,752,1,1187
2021-Sep-01,752,0,1188
2021-Sep-02,752,0,1189
2021-Sep-03,752,0,1190
2021-Sep-04,752,0,1191
2021-Sep-05,753,0,1192
2021-Sep-06,753,1,1193
2021-Sep-07,752,0,1194
2021-Sep-08,752,0,1195
2021-Sep-09,752,0,1196
2021-Sep-10,752,0,1197
2021-Sep-11,754,0,1198
2021-Sep-12,754,0,1199
2021-Sep-13,754,0,1200
2021-Sep-14,754,0,1201
2021-Sep-15,755,0,1202
2021-Sep-16,755,0,1203
2021-Sep-17,755,0,1204
2021-Sep-18,756,0,1202
2021-Sep-19,756,0,1203
2021-Sep-20,756,0,1204
2021-Sep-21,756,0,1205
2021-Sep-22,756,0,1206
2021-Sep-23,756,0,1207
2021-Sep-24,756,0,1208
2021-Sep-25,757,0,1207
2021-Sep-26,757,0,1208
2021-Sep-27,757,0,1209
2021-Sep-28,757,0,1210
2021-Sep-29,757,2,1211
2021-Sep-30,755,0,1217
2021-Oct-01,755,0,1218
2021-Oct-02,755,0,1219
2021-Oct-03,755,0,1220
2021-Oct-04,755,0,1221
2021-Oct-05,755,0,1222
2021-Oct-06,755,0,1223
2021-Oct-07,755,0,1224
2021-Oct-08,756,0,1222
2021-Oct-09,756,0,1223
2021-Oct-10,756,0,1224
2021-Oct-11,756,0,1225
2021-Oct-12,756,0,1226
2021-Oct-13,756,1,1227
2021-Oct-14,755,0,1231
2021-Oct-15,757,0,1227
2021-Oct-16,757,0,1228
2021-Oct-17,759,0,1227
2021-Oct-18,759,0,1228
2021-Oct-19,759,0,1229
2021-Oct-20,759,0,1230
2021-Oct-21,760,0,1231
2021-Oct-22,761,0,1232
2021-Oct-23,763,0,1232
2021-Oct-24,763,0,1233
2021-Oct-25,764,0,1234
2021-Oct-26,764,0,1235
2021-Oct-27,764,0,1236
2021-Oct-28,765,0,1237
2021-Oct-29,765,0,1238
2021-Oct-30,765,1,1239
2021-Oct-31,764,0,1240
2021-Nov-01,764,0,1241
2021-Nov-02,764,0,1242
2021-Nov-03,764,0,1243
2021-Nov-04,764,0,1244
2021-Nov-05,764,1,1245
2021-Nov-06,764,1,1246
2021-Nov-07,763,0,1247
2021-Nov-08,763,0,1248
2021-Nov-09,763,0,1249
2021-Nov-10,763,0,1250
2021-Nov-11,765,0,1251
2021-Nov-12,766,1,1246
2021-Nov-13,765,0,1253
2021-Nov-14,766,0,1248
2021-Nov-15,766,0,1249
2021-Nov-16,766,0,1250
2021-Nov-17,766,0,1251
2021-Nov-18,766,0,1252
2021-Nov-19,766,0,1253
2021-Nov-20,767,0,1249
2021-Nov-21,767,0,1250
2021-Nov-22,767,0,1251
2021-Nov-23,768,1,1249
2021-Nov-24,768,0,1250
2021-Nov-25,768,0,1251
2021-Nov-26,768,0,1252
2021-Nov-27,768,0,1253
2021-Nov-28,768,0,1254
2021-Nov-29,768,0,1255
2021-Nov-30,768,0,1256
2021-Dec-01,768,0,1257
2021-Dec-02,768,0,1258
2021-Dec-03,768,0,1259
2021-Dec-04,768,0,1260
2021-Dec-05,768,0,1261
2021-Dec-06,768,0,1262
2021-Dec-07,768,0,1263
2021-Dec-08,768,0,1264
2021-Dec-09,768,0,1265
2021-Dec-10,768,0,1266
2021-Dec-11,768,0,1267
2021-Dec-12,768,0,1268
2021-Dec-13,768,0,1269
2021-Dec-14,768,0,1270
2021-Dec-15,768,0,1271
2021-Dec-16,768,0,1272
2021-Dec-17,768,0,1273
2021-Dec-18,768,0,1274
2021-Dec-19,768,0,1275
2021-Dec-20,768,0,1276
2021-Dec-21,768,0,1277
2021-Dec-22,768,0,1278
2021-Dec-23,768,0,1279
2021-Dec-24,768,0,1280
2021-Dec-25,768,0,1281
2021-Dec-26,768,0,1282
2021-Dec-27,768,0,1283
2021-Dec-28,768,0,1284
2021-Dec-29,769,0,1282
2021-Dec-30,769,0,1283
2021-Dec-31,769,0,1284
2022-Jan-01,769,0,1285
2022-Jan-02,770,0,1286
2022-Jan-03,770,0,1287
2022-Jan-04,771,0,1288
2022-Jan-05,771,0,1289
2022-Jan-06,771,0,1290
2022-Jan-07,771,0,1291
2022-Jan-08,771,0,1292
2022-Jan-09,771,0,1293
2022-Jan-10,771,0,1294
2022-Jan-11,771,0,1295
2022-Jan-12,771,0,1296
2022-Jan-13,771,0,1297
2022-Jan-14,774,0,1297
2022-Jan-15,775,0,1298
2022-Jan-16,775,0,1299
2022-Jan-17,775,0,1300
2022-Jan-18,775,0,1301
2022-Jan-19,776,0,1302
2022-Jan-20,776,0,1303
2022-Jan-21,776,0,1304
2022-Jan-22,776,0,1305
2022-Jan-23,776,0,1306
2022-Jan-24,776,0,1307
2022-Jan-25,777,0,1308
2022-Jan-26,777,0,1309
2022-Jan-27,777,0,1310
2022-Jan-28,777,0,1311
2022-Jan-29,777,0,1312
2022-Jan-30,777,0,1313
2022-Jan-31,777,0,1314
2022-Feb-01,777,0,1315
2022-Feb-02,777,0,1316
2022-Feb-03,778,0,1316
2022-Feb-04,778,0,1317
2022-Feb-05,778,0,1318
2022-Feb-06,778,0,1319
2022-Feb-07,778,0,1320
2022-Feb-08,778,9,1321
2022-Feb-09,769,0,1324
2022-Feb-10,769,0,1325
2022-Feb-11,769,1,1326
2022-Feb-12,768,0,1327
2022-Feb-13,768,0,1328
2022-Feb-14,768,2,1329
2022-Feb-15,766,0,1333
2022-Feb-16,766,0,1334
2022-Feb-17,766,0,1335
2022-Feb-18,766,0,1336
2022-Feb-19,766,0,1337
2022-Feb-20,766,0,1338
2022-Feb-21,766,0,1339
2022-Feb-22,766,0,1340
2022-Feb-23,766,0,1341
2022-Feb-24,766,0,1342
2022-Feb-25,766,0,1343
2022-Feb-26,766,0,1344
2022-Feb-27,766,0,1345
2022-Feb-28,766,0,1346
2022-Mar-01,767,0,1344
2022-Mar-02,767,0,1345
2022-Mar-03,767,0,1346
2022-Mar-04,768,0,1347
2022-Mar-05,768,0,1348
2022-Mar-06,768,0,1349
2022-Mar-07,768,0,1350
2022-Mar-08,768,0,1351
2022-Mar-09,768,0,1352
2022-Mar-10,769,0,1353
2022-Mar-11,770,0,1353
2022-Mar-12,770,0,1354
2022-Mar-13,771,0,1355
2022-Mar-14,771,0,1356
2022-Mar-15,771,0,1357
2022-Mar-16,771,0,1358
2022-Mar-17,771,0,1359
2022-Mar-18,773,1,1360
2022-Mar-19,772,0,1361
2022-Mar-20,772,0,1362
2022-Mar-21,772,0,1363
2022-Mar-22,774,0,1364
2022-Mar-23,774,0,1365
2022-Mar-24,774,0,1366
2022-Mar-25,774,0,1367
2022-Mar-26,774,0,1368
2022-Mar-27,774,0,1369
2022-Mar-28,774,0,1370
2022-Mar-29,774,0,1371
2022-Mar-30,774,0,1372
2022-Mar-31,774,0,1373
2022-Apr-01,774,0,1374
2022-Apr-02,774,0,1375
2022-Apr-03,774,0,1376
2022-Apr-04,774,1,1377
2022-Apr-05,774,0,1378
2022-Apr-06,774,0,1379
2022-Apr-07,774,0,1380
2022-Apr-08,775,0,1381
2022-Apr-09,776,0,1381
2022-Apr-10,776,0,1382
2022-Apr-11,776,1,1383
2022-Apr-12,775,0,1385
2022-Apr-13,775,0,1386
2022-Apr-14,775,0,1387
2022-Apr-15,775,0,1388
2022-Apr-16,775,0,1389
2022-Apr-17,775,0,1390
2022-Apr-18,775,0,1391
2022-Apr-19,775,1,1392
2022-Apr-20,774,0,1393
2022-Apr-21,774,0,1394
2022-Apr-22,774,0,1395
2022-Apr-23,774,0,1396
2022-Apr-24,774,0,1397
2022-Apr-25,774,0,1398
2022-Apr-26,774,0,1399
2022-Apr-27,774,0,1400
2022-Apr-28,774,0,1401
2022-Apr-29,774,0,1402
2022-Apr-30,775,0,1403
2022-May-01,775,0,1404
2022-May-02,775,0,1405
2022-May-03,775,0,1406
2022-May-04,775,0,1407
2022-May-05,775,0,1408
2022-May-06,775,0,1409
2022-May-07,776,0,1409
2022-May-08,776,0,1410
2022-May-09,777,1,1410
2022-May-10,776,0,1412
2022-May-11,776,0,1413
2022-May-12,777,1,1413
2022-May-13,781,0,1396
2022-May-14,782,0,1396
2022-May-15,782,0,1397
2022-May-16,782,0,1398
2022-May-17,782,0,1399
2022-May-18,782,0,1400
2022-May-19,782,0,1401
2022-May-20,782,0,1402
2022-May-21,782,0,1403
2022-May-22,782,0,1404
2022-May-23,782,0,1405
2022-May-24,784,0,1405
2022-May-25,784,1,1406
2022-May-26,783,0,1408
2022-May-27,783,0,1409
2022-May-28,783,0,1410
2022-May-29,783,0,1411
2022-May-30,783,0,1412
2022-May-31,785,1,1411
2022-Jun-01,784,0,1413
2022-Jun-02,784,0,1414
2022-Jun-03,784,0,1415
2022-Jun-04,784,0,1416
2022-Jun-05,784,0,1417
2022-Jun-06,784,0,1418
2022-Jun-07,784,0,1419
2022-Jun-08,784,1,1420
2022-Jun-09,783,0,1422
2022-Jun-10,783,0,1423
2022-Jun-11,783,0,1424
2022-Jun-12,783,0,1425
2022-Jun-13,783,0,1426
2022-Jun-14,783,3,1427
2022-Jun-15,781,0,1429
2022-Jun-16,784,0,1428
2022-Jun-17,785,0,1428
2022-Jun-18,786,0,1428
2022-Jun-19,786,0,1429
2022-Jun-20,787,0,1430
2022-Jun-21,787,0,1431
2022-Jun-22,788,0,1429
2022-Jun-23,789,0,1427
2022-Jun-24,789,0,1428
2022-Jun-25,790,0,1429
2022-Jun-26,790,0,1430
2022-Jun-27,791,0,1431
2022-Jun-28,792,1,1432
2022-Jun-29,793,0,1433
2022-Jun-30,793,1,1434
2022-Jul-01,792,0,1435
2022-Jul-02,796,0,1433
2022-Jul-03,796,0,1434
2022-Jul-04,796,0,1435
2022-Jul-05,797,0,1435
2022-Jul-06,797,3,1436
2022-Jul-07,794,0,1440
2022-Jul-08,794,0,1441
2022-Jul-09,795,0,1442
2022-Jul-10,796,0,1441
2022-Jul-11,796,0,1442
2022-Jul-12,798,0,1439
2022-Jul-13,798,0,1440
2022-Jul-14,799,0,1438
2022-Jul-15,799,0,1439
2022-Jul-16,799,0,1440
2022-Jul-17,799,0,1441
2022-Jul-18,799,0,1442
2022-Jul-19,800,1,1441
2022-Jul-20,799,0,1444
2022-Jul-21,800,0,1443
2022-Jul-22,800,0,1444
2022-Jul-23,800,0,1445
2022-Jul-24,800,0,1446
2022-Jul-25,800,0,1447
2022-Jul-26,801,0,1445
2022-Jul-27,802,0,1444
2022-Jul-28,802,0,1445
2022-Jul-29,803,0,1445
2022-Jul-30,803,0,1446
2022-Jul-31,803,0,1447
2022-Aug-01,803,0,1448
2022-Aug-02,803,0,1449
2022-Aug-03,803,0,1450
2022-Aug-04,804,18,1450
2022-Aug-05,787,0,1470
2022-Aug-06,787,0,1471
2022-Aug-07,787,0,1472
2022-Aug-08,787,0,1473
2022-Aug-09,788,0,1474
2022-Aug-10,788,1,1475
2022-Aug-11,790,1,1475
2022-Aug-12,791,0,1476
2022-Aug-13,791,0,1477
2022-Aug-14,791,1,1478
2022-Aug-15,790,0,1479
2022-Aug-16,791,0,1480
2022-Aug-17,795,0,1472
2022-Aug-18,795,0,1473
2022-Aug-19,797,0,1469
2022-Aug-20,797,0,1470
2022-Aug-21,797,0,1471
2022-Aug-22,797,0,1472
2022-Aug-23,798,0,1471
2022-Aug-24,799,4,1471
2022-Aug-25,795,0,1480
2022-Aug-26,796,1,1479
2022-Aug-27,796,0,1480
2022-Aug-28,796,0,1481
2022-Aug-29,797,0,1479
2022-Aug-30,799,0,1477
2022-Aug-31,799,0,1478
2022-Sep-01,799,0,1479
2022-Sep-02,799,1,1480
2022-Sep-03,798,0,1482
2022-Sep-04,798,0,1483
2022-Sep-05,798,0,1484
2022-Sep-06,800,0,1483
2022-Sep-07,801,0,1484
2022-Sep-08,803,0,1485
2022-Sep-09,805,0,1477
2022-Sep-10,805,0,1478
2022-Sep-11,806,0,1478
2022-Sep-12,806,0,1479
2022-Sep-13,806,0,1480
2022-Sep-14,808,0,1479
2022-Sep-15,808,0,1480
2022-Sep-16,808,0,1481
2022-Sep-17,808,0,1482
2022-Sep-18,808,0,1483
2022-Sep-19,808,1,1484
2022-Sep-20,810,0,1482
2022-Sep-21,811,1,1482
2022-Sep-22,810,0,1484
2022-Sep-23,814,0,1482
2022-Sep-24,814,0,1483
2022-Sep-25,814,0,1484
2022-Sep-26,814,0,1485
2022-Sep-27,815,0,1485
2022-Sep-28,816,1,1482
2022-Sep-29,816,0,1483
2022-Sep-30,816,0,1484
2022-Oct-01,816,0,1485
2022-Oct-02,816,0,1486
2022-Oct-03,816,0,1487
2022-Oct-04,816,0,1488
2022-Oct-05,816,0,1489
2022-Oct-06,816,0,1490
2022-Oct-07,817,0,1486
2022-Oct-08,817,0,1487
2022-Oct-09,818,0,1488
2022-Oct-10,818,0,1489
2022-Oct-11,818,2,1490
2022-Oct-12,816,0,1496
2022-Oct-13,818,0,1492
2022-Oct-14,818,0,1493
2022-Oct-15,818,0,1494
2022-Oct-16,818,0,1495
2022-Oct-17,818,0,1496
2022-Oct-18,818,0,1497
2022-Oct-19,818,0,1498
2022-Oct-20,818,0,1499
2022-Oct-21,819,0,1500
2022-Oct-22,819,0,1501
2022-Oct-23,819,0,1502
2022-Oct-24,819,2,1503
2022-Oct-25,817,0,1504
2022-Oct-26,817,0,1505
2022-Oct-27,817,0,1506
2022-Oct-28,817,1,1507
2022-Oct-29,816,0,1513
2022-Oct-30,817,0,1509
2022-Oct-31,817,0,1510
2022-Nov-01,818,0,1511
2022-Nov-02,819,0,1512
2022-Nov-03,821,0,1512
2022-Nov-04,821,0,1513
2022-Nov-05,821,0,1514
2022-Nov-06,821,0,1515
2022-Nov-07,821,0,1516
2022-Nov-08,825,0,1509
2022-Nov-09,825,0,1510
2022-Nov-10,825,0,1511
2022-Nov-11,826,0,1512
2022-Nov-12,826,0,1513
2022-Nov-13,826,0,1514
2022-Nov-14,826,0,1515
2022-Nov-15,829,1,1509
2022-Nov-16,830,0,1510
2022-Nov-17,830,0,1511
2022-Nov-18,830,0,1512
2022-Nov-19,830,0,1513
2022-Nov-20,830,0,1514
2022-Nov-21,830,0,1515
2022-Nov-22,830,0,1516
2022-Nov-23,830,0,1517
2022-Nov-24,830,0,1518
2022-Nov-25,832,1,1519
2022-Nov-26,831,0,1520
2022-Nov-27,831,0,1521
2022-Nov-28,831,0,1522
2022-Nov-29,832,0,1523
2022-Nov-30,832,0,1524
2022-Dec-01,835,0,1525
2022-Dec-02,835,0,1526
2022-Dec-03,835,0,1527
2022-Dec-04,835,0,1528
2022-Dec-05,835,0,1529
2022-Dec-06,835,0,1530
2022-Dec-07,835,0,1531
2022-Dec-08,836,0,1531
2022-Dec-09,836,0,1532
2022-Dec-10,837,0,1533
2022-Dec-11,837,3,1534
2022-Dec-12,835,0,1536
2022-Dec-13,836,0,1536
2022-Dec-14,837,0,1537
2022-Dec-15,837,0,1538
2022-Dec-16,837,0,1539
2022-Dec-17,837,0,1540
2022-Dec-18,837,0,1541
2022-Dec-19,837,0,1542
2022-Dec-20,837,0,1543
2022-Dec-21,837,0,1544
2022-Dec-22,837,0,1545
2022-Dec-23,837,0,1546
2022-Dec-24,837,0,1547
2022-Dec-25,837,0,1548
2022-Dec-26,837,0,1549
2022-Dec-27,837,0,1550
2022-Dec-28,837,0,1551
2022-Dec-29,837,0,1552
2022-Dec-30,837,0,1553
2022-Dec-31,837,0,1554
2023-Jan-01,837,0,1555
2023-Jan-02,837,0,1556
2023-Jan-03,837,0,1557
2023-Jan-04,838,0,1558
2023-Jan-05,838,0,1559
2023-Jan-06,838,0,1560
2023-Jan-07,838,0,1561
2023-Jan-08,838,0,1562
2023-Jan-09,838,0,1563
2023-Jan-10,838,0,1564
2023-Jan-11,840,0,1565
2023-Jan-12,842,0,1564
2023-Jan-13,842,0,1565
2023-Jan-14,842,0,1566
2023-Jan-15,842,0,1567
2023-Jan-16,842,0,1568
2023-Jan-17,843,0,1568
2023-Jan-18,843,0,1569
2023-Jan-19,843,0,1570
2023-Jan-20,843,0,1571
2023-Jan-21,843,0,1572
2023-Jan-22,843,0,1573
2023-Jan-23,843,0,1574
2023-Jan-24,843,0,1575
2023-Jan-25,843,0,1576
2023-Jan-26,843,0,1577
2023-Jan-27,843,0,1578
2023-Jan-28,843,0,1579
2023-Jan-29,844,0,1579
2023-Jan-30,844,0,1580
2023-Jan-31,844,0,1581
2023-Feb-01,844,0,1582
2023-Feb-02,844,0,1583
2023-Feb-03,845,0,1584
2023-Feb-04,845,0,1585
2023-Feb-05,845,0,1586
2023-Feb-06,845,0,1587
2023-Feb-07,846,0,1588
2023-Feb-08,847,0,1588
2023-Feb-09,849,0,1589
2023-Feb-10,849,0,1590
2023-Feb-11,849,0,1591
2023-Feb-12,849,0,1592
2023-Feb-13,849,0,1593
2023-Feb-14,849,0,1594
2023-Feb-15,849,0,1595
2023-Feb-16,849,0,1596
2023-Feb-17,851,0,1596
2023-Feb-18,851,0,1597
2023-Feb-19,851,0,1598
2023-Feb-20,853,0,1598
2023-Feb-21,853,0,1599
2023-Feb-22,854,0,1598
2023-Feb-23,854,0,1599
2023-Feb-24,855,0,1598
2023-Feb-25,856,0,1598
2023-Feb-26,857,0,1598
2023-Feb-27,857,0,1599
2023-Feb-28,857,0,1600
2023-Mar-01,858,0,1601
2023-Mar-02,858,0,1602
2023-Mar-03,858,0,1603
2023-Mar-04,858,0,1604
2023-Mar-05,859,0,1605
2023-Mar-06,859,0,1606
2023-Mar-07,860,0,1605
2023-Mar-08,860,0,1606
2023-Mar-09,860,0,1607
2023-Mar-10,860,0,1608
2023-Mar-11,861,0,1608
2023-Mar-12,861,0,1609
2023-Mar-13,861,0,1610
2023-Mar-14,861,0,1611
2023-Mar-15,862,0,1611
2023-Mar-16,863,0,1611
2023-Mar-17,865,0,1610
2023-Mar-18,867,0,1610
2023-Mar-19,867,0,1611
2023-Mar-20,867,0,1612
2023-Mar-21,868,0,1609
2023-Mar-22,869,0,1607
2023-Mar-23,871,1,1608
2023-Mar-24,870,0,1609
2023-Mar-25,870,0,1610
2023-Mar-26,870,0,1611
2023-Mar-27,870,1,1612
2023-Mar-28,870,0,1613
2023-Mar-29,871,0,1614
2023-Mar-30,872,0,1613
2023-Mar-31,872,0,1614
2023-Apr-01,872,0,1615
2023-Apr-02,873,0,1614
2023-Apr-03,873,0,1615
2023-Apr-04,874,0,1615
2023-Apr-05,874,0,1616
2023-Apr-06,876,0,1613
2023-Apr-07,876,0,1614
2023-Apr-08,876,0,1615
2023-Apr-09,877,0,1612
2023-Apr-10,877,0,1613
2023-Apr-11,877,0,1614
2023-Apr-12,877,0,1615
2023-Apr-13,877,0,1616
2023-Apr-14,877,0,1617
2023-Apr-15,877,0,1618
2023-Apr-16,877,0,1619
2023-Apr-17,877,0,1620
2023-Apr-18,878,0,1621
2023-Apr-19,879,0,1622
2023-Apr-20,879,0,1623
2023-Apr-21,879,0,1624
2023-Apr-22,879,0,1625
2023-Apr-23,879,0,1626
2023-Apr-24,879,0,1627
2023-Apr-25,881,0,1628
2023-Apr-26,882,2,1629
2023-Apr-27,881,0,1630
2023-Apr-28,881,0,1631
2023-Apr-29,881,0,1632
2023-Apr-30,881,0,1633
2023-May-01,881,0,1634
2023-May-02,881,0,1635
2023-May-03,881,0,1636
2023-May-04,881,1,1637
2023-May-05,881,0,1638
2023-May-06,882,0,1639
2023-May-07,882,0,1640
2023-May-08,883,0,1641
2023-May-09,883,0,1642
2023-May-10,883,0,1643
2023-May-11,883,1,1644
2023-May-12,882,0,1645
2023-May-13,882,0,1646
2023-May-14,883,0,1647
2023-May-15,883,0,1648
2023-May-16,883,0,1649
2023-May-17,883,0,1650
2023-May-18,885,1,1651
2023-May-19,885,0,1652
2023-May-20,886,0,1652
2023-May-21,886,0,1653
2023-May-22,886,0,1654
2023-May-23,887,0,1655
2023-May-24,887,0,1656
2023-May-25,890,0,1651
2023-May-26,890,0,1652
2023-May-27,890,0,1653
2023-May-28,890,0,1654
2023-May-29,890,0,1655
2023-May-30,890,0,1656
2023-May-31,890,0,1657
2023-Jun-01,890,2,1658
2023-Jun-02,888,2,1663
2023-Jun-03,886,0,1666
2023-Jun-04,886,0,1667
2023-Jun-05,886,0,1668
2023-Jun-06,886,1,1669
2023-Jun-07,886,0,1670
2023-Jun-08,886,0,1671
2023-Jun-09,886,0,1672
2023-Jun-10,886,0,1673
2023-Jun-11,886,0,1674
2023-Jun-12,886,0,1675
2023-Jun-13,886,0,1676
2023-Jun-14,886,0,1677
2023-Jun-15,886,0,1678
2023-Jun-16,886,0,1679
2023-Jun-17,886,0,1680
2023-Jun-18,886,0,1681
2023-Jun-19,886,0,1682
2023-Jun-20,886,0,1683
2023-Jun-21,886,0,1684
2023-Jun-22,886,0,1685
2023-Jun-23,886,0,1686
2023-Jun-24,887,0,1687
2023-Jun-25,887,0,1688
2023-Jun-26,887,0,1689
2023-Jun-27,887,0,1690
2023-Jun-28,887,0,1691
2023-Jun-29,887,0,1692
2023-Jun-30,887,0,1693
2023-Jul-01,887,0,1694
2023-Jul-02,887,0,1695
2023-Jul-03,887,0,1696
2023-Jul-04,887,0,1697
2023-Jul-05,887,0,1698
2023-Jul-06,887,0,1699
2023-Jul-07,887,0,1700
2023-Jul-08,887,0,1701
2023-Jul-09,887,0,1702
2023-Jul-10,887,0,1703
2023-Jul-11,888,0,1702
2023-Jul-12,888,0,1703
2023-Jul-13,888,0,1704
2023-Jul-14,888,0,1705
2023-Jul-15,888,0,1706
2023-Jul-16,888,0,1707
2023-Jul-17,888,0,1708
2023-Jul-18,888,0,1709
2023-Jul-19,889,0,1707
2023-Jul-20,889,0,1708
2023-Jul-21,890,0,1708
2023-Jul-22,890,0,1709
2023-Jul-23,890,0,1710
2023-Jul-24,890,0,1711
2023-Jul-25,890,0,1712
2023-Jul-26,891,0,1712
2023-Jul-27,891,0,1713
2023-Jul-28,891,0,1714
2023-Jul-29,891,0,1715
2023-Jul-30,891,0,1716
2023-Jul-31,891,0,1717
2023-Aug-01,891,0,1718
2023-Aug-02,891,0,1719
2023-Aug-03,891,0,1720
2023-Aug-04,891,0,1721
2023-Aug-05,891,0,1722
2023-Aug-06,891,0,1723
2023-Aug-07,891,0,1724
2023-Aug-08,891,0,1725
2023-Aug-09,891,0,1726
2023-Aug-10,891,0,1727
2023-Aug-11,891,0,1728
2023-Aug-12,891,0,1729
2023-Aug-13,891,0,1730
2023-Aug-14,891,1,1731
2023-Aug-15,890,0,1733
2023-Aug-16,890,1,1734
2023-Aug-17,891,44,1734
2023-Aug-18,847,1,1732
2023-Aug-19,846,0,1734
2023-Aug-20,846,0,1735
2023-Aug-21,846,2,1736
2023-Aug-22,844,0,1739
2023-Aug-23,844,0,1740
2023-Aug-24,844,0,1741
2023-Aug-25,845,1,1742
2023-Aug-26,844,0,1743
2023-Aug-27,844,0,1744
2023-Aug-28,844,0,1745
2023-Aug-29,844,0,1746
2023-Aug-30,844,1,1747
2023-Aug-31,843,0,1748
2023-Sep-01,843,0,1749
2023-Sep-02,844,0,1750
2023-Sep-03,844,0,1751
2023-Sep-04,844,0,1752
2023-Sep-05,844,0,1753
2023-Sep-06,845,0,1754
2023-Sep-07,845,0,1755
2023-Sep-08,845,0,1756
2023-Sep-09,845,0,1757
2023-Sep-10,845,0,1758
2023-Sep-11,845,0,1759
2023-Sep-12,845,0,1760
2023-Sep-13,845,0,1761
2023-Sep-14,845,0,1762
2023-Sep-15,845,0,1763
2023-Sep-16,845,0,1764
2023-Sep-17,845,0,1765
2023-Sep-18,845,0,1766
2023-Sep-19,846,0,1765
2023-Sep-20,846,0,1766
2023-Sep-21,846,0,1767
2023-Sep-22,846,0,1768
2023-Sep-23,846,0,1769
2023-Sep-24,846,0,1770
2023-Sep-25,846,0,1771
2023-Sep-26,846,0,1772
2023-Sep-27,846,0,1773
2023-Sep-28,846,0,1774
2023-Sep-29,846,0,1775
2023-Sep-30,846,0,1776
2023-Oct-01,846,0,1777
2023-Oct-02,846,0,1778
2023-Oct-03,846,0,1779
2023-Oct-04,846,0,1780
2023-Oct-05,846,0,1781
2023-Oct-06,846,0,1782
2023-Oct-07,846,0,1783
2023-Oct-08,846,0,1784
2023-Oct-09,846,1,1785
2023-Oct-10,845,0,1785
2023-Oct-11,845,0,1786
2023-Oct-12,845,0,1787
2023-Oct-13,845,0,1788
2023-Oct-14,845,0,1789
2023-Oct-15,845,0,1790
2023-Oct-16,845,0,1791
2023-Oct-17,845,0,1792
2023-Oct-18,845,0,1793
2023-Oct-19,845,0,1794
2023-Oct-20,845,0,1795
2023-Oct-21,846,0,1795
2023-Oct-22,846,0,1796
2023-Oct-23,846,0,1797
2023-Oct-24,846,0,1798
2023-Oct-25,846,0,1799
2023-Oct-26,846,0,1800
2023-Oct-27,847,0,1799
2023-Oct-28,847,0,1800
2023-Oct-29,848,0,1801
2023-Oct-30,848,0,1802
2023-Oct-31,848,0,1803
2023-Nov-01,849,0,1804
2023-Nov-02,849,0,1805
2023-Nov-03,849,0,1806
2023-Nov-04,849,0,1807
2023-Nov-05,849,0,1808
2023-Nov-06,849,0,1809
2023-Nov-07,849,0,1810
2023-Nov-08,849,0,1811
2023-Nov-09,850,0,1811
2023-Nov-10,850,0,1812
2023-Nov-11,850,0,1813
2023-Nov-12,850,0,1814
2023-Nov-13,850,0,1815
2023-Nov-14,850,0,1816
2023-Nov-15,851,0,1817
2023-Nov-16,851,0,1818
2023-Nov-17,851,0,1819
2023-Nov-18,851,0,1820
2023-Nov-19,851,0,1821
2023-Nov-20,851,0,1822
2023-Nov-21,851,0,1823
2023-Nov-22,851,0,1824
2023-Nov-23,851,0,1825
2023-Nov-24,852,0,1825
2023-Nov-25,852,0,1826
2023-Nov-26,852,0,1827
2023-Nov-27,852,0,1828
2023-Nov-28,852,0,1829
2023-Nov-29,852,0,1830
2023-Nov-30,852,0,1831
2023-Dec-01,852,0,1832
2023-Dec-02,852,0,1833
2023-Dec-03,852,0,1834
2023-Dec-04,852,0,1835
2023-Dec-05,852,0,1836
2023-Dec-06,852,0,1837
2023-Dec-07,852,0,1838
2023-Dec-08,853,0,1839
2023-Dec-09,853,0,1840
2023-Dec-10,853,0,1841
2023-Dec-11,853,0,1842
2023-Dec-12,853,0,1843
2023-Dec-13,853,0,1844
2023-Dec-14,853,0,1845
2023-Dec-15,853,0,1846
2023-Dec-16,853,1,1847
2023-Dec-17,852,0,1847
2023-Dec-18,852,0,1848
2023-Dec-19,852,0,1849
2023-Dec-20,852,0,1850
2023-Dec-21,852,0,1851
2023-Dec-22,852,0,1852
2023-Dec-23,852,0,1853
2023-Dec-24,852,0,1854
2023-Dec-25,852,0,1855
2023-Dec-26,852,0,1856
2023-Dec-27,852,0,1857
2023-Dec-28,852,0,1858
2023-Dec-29,852,0,1859
2023-Dec-30,852,0,1860
2023-Dec-31,852,0,1861
2024-Jan-01,852,0,1862
2024-Jan-02,852,0,1863
2024-Jan-03,852,0,1864
2024-Jan-04,852,0,1865
2024-Jan-05,852,0,1866
2024-Jan-06,852,0,1867
2024-Jan-07,852,0,1868
2024-Jan-08,852,0,1869
2024-Jan-09,852,0,1870
2024-Jan-10,853,0,1871
2024-Jan-11,854,0,1871
2024-Jan-12,854,0,1872
2024-Jan-13,854,0,1873
2024-Jan-14,854,0,1874
2024-Jan-15,854,0,1875
2024-Jan-16,854,0,1876
2024-Jan-17,854,0,1877
2024-Jan-18,855,0,1878
2024-Jan-19,855,0,1879
2024-Jan-20,855,0,1880
2024-Jan-21,855,0,1881
2024-Jan-22,855,0,1882
2024-Jan-23,855,1,1883
2024-Jan-24,855,0,1884
2024-Jan-25,855,0,1885
2024-Jan-26,856,1,1886
2024-Jan-27,855,0,1887
2024-Jan-28,855,0,1888
2024-Jan-29,855,0,1889
2024-Jan-30,856,0,1890
2024-Jan-31,856,0,1891
2024-Feb-01,857,0,1892
2024-Feb-02,857,0,1893
2024-Feb-03,857,0,1894
2024-Feb-04,857,0,1895
2024-Feb-05,857,0,1896
2024-Feb-06,857,0,1897
2024-Feb-07,857,0,1898
2024-Feb-08,857,0,1899
2024-Feb-09,857,0,1900
2024-Feb-10,858,0,1901
2024-Feb-11,858,0,1902
2024-Feb-12,858,0,1903
2024-Feb-13,859,0,1904
2024-Feb-14,859,0,1905
2024-Feb-15,860,0,1906
2024-Feb-16,860,0,1907
2024-Feb-17,861,0,1908
2024-Feb-18,862,0,1909
2024-Feb-19,862,0,1910
2024-Feb-20,862,0,1911
2024-Feb-21,862,0,1912
2024-Feb-22,862,0,1913
2024-Feb-23,862,0,1914
2024-Feb-24,862,0,1915
2024-Feb-25,862,0,1916
2024-Feb-26,862,0,1917
2024-Feb-27,862,1,1918
2024-Feb-28,861,0,1919
2024-Feb-29,862,0,1920
2024-Mar-01,862,1,1921
2024-Mar-02,861,0,1922
2024-Mar-03,861,0,1923
2024-Mar-04,861,0,1924
2024-Mar-05,861,0,1925
2024-Mar-06,861,0,1926
2024-Mar-07,861,0,1927
2024-Mar-08,861,0,1928
2024-Mar-09,861,0,1929
2024-Mar-10,861,0,1930
2024-Mar-11,861,0,1931
2024-Mar-12,861,0,1932
2024-Mar-13,861,0,1933
2024-Mar-14,861,0,1934
2024-Mar-15,861,0,1935
2024-Mar-16,861,0,1936
2024-Mar-17,861,0,1937
2024-Mar-18,861,0,1938
2024-Mar-19,861,0,1939
2024-Mar-20,861,0,1940
2024-Mar-21,861,0,1941
2024-Mar-22,861,0,1942
2024-Mar-23,861,0,1943
2024-Mar-24,861,0,1944
2024-Mar-25,861,0,1945
2024-Mar-26,861,0,1946
2024-Mar-27,861,0,1947
2024-Mar-28,861,0,1948
2024-Mar-29,862,0,1949
2024-Mar-30,863,0,1950
2024-Mar-31,863,0,1951
2024-Apr-01,863,0,1952
2024-Apr-02,863,0,1953
2024-Apr-03,863,0,1954
2024-Apr-04,863,0,1955
2024-Apr-05,863,0,1956
2024-Apr-06,864,0,1957
2024-Apr-07,864,0,1958
2024-Apr-08,864,0,1959
2024-Apr-09,864,0,1960
2024-Apr-10,864,0,1961
2024-Apr-11,865,0,1962
2024-Apr-12,865,0,1963
2024-Apr-13,865,0,1964
2024-Apr-14,865,0,1965
2024-Apr-15,865,0,1966
2024-Apr-16,867,0,1965
2024-Apr-17,868,0,1965
2024-Apr-18,868,0,1966
2024-Apr-19,868,0,1967
2024-Apr-20,868,0,1968
2024-Apr-21,868,0,1969
2024-Apr-22,868,0,1970
2024-Apr-23,868,0,1971
2024-Apr-24,868,0,1972
2024-Apr-25,868,2,1973
2024-Apr-26,866,0,1976
2024-Apr-27,866,0,1977
2024-Apr-28,866,0,1978
2024-Apr-29,866,0,1979
2024-Apr-30,866,0,1980
2024-May-01,866,0,1981
2024-May-02,866,0,1982
2024-May-03,867,0,1982
2024-May-04,867,0,1983
2024-May-05,867,0,1984
2024-May-06,867,0,1985
2024-May-07,867,0,1986
2024-May-08,868,0,1986
2024-May-09,869,0,1986
2024-May-10,870,0,1987
2024-May-11,870,0,1988
2024-May-12,870,0,1989
2024-May-13,870,0,1990
2024-May-14,870,0,1991
2024-May-15,870,0,1992
2024-May-16,871,0,1993
2024-May-17,871,0,1994
2024-May-18,872,0,1993
2024-May-19,872,0,1994
2024-May-20,872,0,1995
2024-May-21,872,0,1996
2024-May-22,873,0,1996
2024-May-23,873,0,1997
2024-May-24,873,0,1998
2024-May-25,873,1,1999
2024-May-26,872,0,2001
2024-May-27,872,0,2002
2024-May-28,872,0,2003
2024-May-29,873,0,2003
2024-May-30,873,0,2004
2024-May-31,874,0,2003
2024-Jun-01,874,0,2004
2024-Jun-02,874,0,2005
2024-Jun-03,874,0,2006
2024-Jun-04,874,0,2007
2024-Jun-05,874,0,2008
2024-Jun-06,874,0,2009
2024-Jun-07,874,0,2010
2024-Jun-08,874,0,2011
2024-Jun-09,874,0,2012
2024-Jun-10,874,1,2013
2024-Jun-11,873,0,2016
2024-Jun-12,873,0,2017
2024-Jun-13,873,0,2018
2024-Jun-14,874,0,2017
2024-Jun-15,874,0,2018
2024-Jun-16,874,0,2019
2024-Jun-17,874,0,2020
2024-Jun-18,874,0,2021
2024-Jun-19,875,0,2021
2024-Jun-20,875,1,2022
2024-Jun-21,874,0,2024
2024-Jun-22,874,0,2025
2024-Jun-23,874,0,2026
2024-Jun-24,874,0,2027
2024-Jun-25,874,0,2028
2024-Jun-26,874,0,2029
2024-Jun-27,874,0,2030
2024-Jun-28,874,0,2031
2024-Jun-29,874,0,2032
2024-Jun-30,874,0,2033
2024-Jul-01,874,0,2034
2024-Jul-02,874,0,2035
2024-Jul-03,874,0,2036
2024-Jul-04,874,0,2037
2024-Jul-05,874,0,2038
2024-Jul-06,874,0,2039
2024-Jul-07,874,0,2040
2024-Jul-08,875,0,2040
2024-Jul-09,875,0,2041
2024-Jul-10,875,0,2042
2024-Jul-11,875,0,2043
2024-Jul-12,875,0,2044
2024-Jul-13,875,0,2045
2024-Jul-14,875,0,2046
2024-Jul-15,875,0,2047
2024-Jul-16,875,0,2048
2024-Jul-17,875,0,2049
2024-Jul-18,875,0,2050
2024-Jul-19,875,0,2051
2024-Jul-20,875,0,2052
2024-Jul-21,875,0,2053
2024-Jul-22,876,1,2054
2024-Jul-23,875,18,2055
2024-Jul-24,858,0,2063
2024-Jul-25,858,0,2064
2024-Jul-26,858,0,2065
2024-Jul-27,858,0,2066
2024-Jul-28,858,0,2067
2024-Jul-29,858,0,2068
2024-Jul-30,858,0,2069
2024-Jul-31,858,0,2070
2024-Aug-01,859,0,2070
2024-Aug-02,860,0,2071
2024-Aug-03,860,0,2072
2024-Aug-04,860,0,2073
2024-Aug-05,860,0,2074
2024-Aug-06,861,0,2075
2024-Aug-07,861,0,2076
2024-Aug-08,861,0,2077
2024-Aug-09,861,0,2078
2024-Aug-10,861,0,2079
2024-Aug-11,861,0,2080
2024-Aug-12,861,0,2081
2024-Aug-13,861,1,2082
2024-Aug-14,861,0,2083
2024-Aug-15,861,0,2084
2024-Aug-16,861,0,2085
2024-Aug-17,861,0,2086
2024-Aug-18,861,0,2087
2024-Aug-19,861,0,2088
2024-Aug-20,861,0,2089
2024-Aug-21,861,0,2090
2024-Aug-22,861,0,2091
2024-Aug-23,861,0,2092
2024-Aug-24,861,0,2093
2024-Aug-25,861,0,2094
2024-Aug-26,861,0,2095
2024-Aug-27,861,0,2096
2024-Aug-28,861,0,2097
2024-Aug-29,861,0,2098
2024-Aug-30,861,0,2099
2024-Aug-31,861,0,2100
2024-Sep-01,861,0,2101
2024-Sep-02,861,0,2102
2024-Sep-03,861,0,2103
2024-Sep-04,861,0,2104
2024-Sep-05,861,0,2105
2024-Sep-06,861,0,2106
2024-Sep-07,861,0,2107
2024-Sep-08,861,0,2108
2024-Sep-09,861,0,2109
2024-Sep-10,861,0,2110
2024-Sep-11,861,0,2111
2024-Sep-12,862,0,2110
2024-Sep-13,862,1,2111
2024-Sep-14,863,0,2111
2024-Sep-15,864,0,2110
2024-Sep-16,864,0,2111
2024-Sep-17,864,0,2112
2024-Sep-18,864,0,2113
2024-Sep-19,864,0,2114
2024-Sep-20,864,0,2115
2024-Sep-21,864,0,2116
2024-Sep-22,864,0,2117
2024-Sep-23,864,0,2118
2024-Sep-24,864,0,2119
2024-Sep-25,864,0,2120
2024-Sep-26,865,0,2120
2024-Sep-27,865,0,2121
2024-Sep-28,866,0,2122
2024-Sep-29,866,0,2123
2024-Sep-30,866,0,2124
2024-Oct-01,866,0,2125
2024-Oct-02,866,0,2126
2024-Oct-03,866,0,2127
2024-Oct-04,866,0,2128
2024-Oct-05,866,0,2129
2024-Oct-06,866,0,2130
2024-Oct-07,866,0,2131
2024-Oct-08,866,0,2132
2024-Oct-09,867,0,2133
2024-Oct-10,867,0,2134
2024-Oct-11,867,0,2135
2024-Oct-12,867,0,2136
2024-Oct-13,867,0,2137
2024-Oct-14,867,0,2138
2024-Oct-15,867,0,2139
2024-Oct-16,867,0,2140
2024-Oct-17,867,0,2141
2024-Oct-18,867,0,2142
2024-Oct-19,867,0,2143
2024-Oct-20,867,0,2144
2024-Oct-21,867,0,2145
2024-Oct-22,867,0,2146
2024-Oct-23,867,0,2147
2024-Oct-24,867,1,2148
2024-Oct-25,866,0,2149
2024-Oct-26,866,0,2150
2024-Oct-27,866,0,2151
2024-Oct-28,866,0,2152
2024-Oct-29,866,0,2153
2024-Oct-30,867,0,2154
2024-Oct-31,867,0,2155
2024-Nov-01,867,0,2156
2024-Nov-02,868,0,2156
2024-Nov-03,868,0,2157
2024-Nov-04,868,0,2158
2024-Nov-05,868,0,2159
2024-Nov-06,868,1,2160
2024-Nov-07,867,0,2162
2024-Nov-08,867,0,2163
2024-Nov-09,867,0,2164
2024-Nov-10,867,0,2165
2024-Nov-11,867,0,2166
2024-Nov-12,867,0,2167
2024-Nov-13,867,0,2168
2024-Nov-14,867,0,2169
2024-Nov-15,867,0,2170
2024-Nov-16,867,0,2171
2024-Nov-17,867,0,2172
2024-Nov-18,867,0,2173
2024-Nov-19,867,0,2174
2024-Nov-20,867,0,2175
2024-Nov-21,867,0,2176
2024-Nov-22,867,0,2177
2024-Nov-23,867,0,2178
2024-Nov-24,867,0,2179
2024-Nov-25,867,0,2180
2024-Nov-26,867,0,2181
2024-Nov-27,867,0,2182
2024-Nov-28,868,0,2182
2024-Nov-29,868,0,2183
2024-Nov-30,868,0,2184
2024-Dec-01,868,0,2185
2024-Dec-02,869,0,2186
2024-Dec-03,869,0,2187
2024-Dec-04,869,0,2188
2024-Dec-05,869,0,2189
2024-Dec-06,869,0,2190
2024-Dec-07,869,0,2191
2024-Dec-08,869,0,2192
2024-Dec-09,869,0,2193
2024-Dec-10,869,0,2194
2024-Dec-11,869,0,2195
2024-Dec-12,870,0,2196
2024-Dec-13,870,0,2197
2024-Dec-14,870,0,2198
2024-Dec-15,870,0,2199
2024-Dec-16,870,1,2200
2024-Dec-17,869,0,2201
2024-Dec-18,869,0,2202
2024-Dec-19,869,0,2203
2024-Dec-20,869,0,2204
2024-Dec-21,869,0,2205
2024-Dec-22,869,0,2206
2024-Dec-23,869,0,2207
2024-Dec-24,869,0,2208
2024-Dec-25,869,0,2209
2024-Dec-26,869,0,2210
2024-Dec-27,869,0,2211
2024-Dec-28,869,0,2212
2024-Dec-29,869,0,2213
2024-Dec-30,869,0,2214
2024-Dec-31,869,0,2215
2025-Jan-01,869,0,2216
2025-Jan-02,869,0,2217
2025-Jan-03,869,0,2218
2025-Jan-04,869,0,2219
2025-Jan-05,869,0,2220
2025-Jan-06,869,0,2221
2025-Jan-07,869,0,2222
2025-Jan-08,869,0,2223
2025-Jan-09,869,0,2224
2025-Jan-10,869,0,2225
2025-Jan-11,870,0,2226
2025-Jan-12,870,0,2227
2025-Jan-13,870,0,2228
2025-Jan-14,870,0,2229
2025-Jan-15,870,0,2230
2025-Jan-16,870,0,2231
2025-Jan-17,870,0,2232
2025-Jan-18,870,0,2233
2025-Jan-19,870,0,2234
2025-Jan-20,870,0,2235
2025-Jan-21,870,0,2236
2025-Jan-22,870,0,2237
2025-Jan-23,870,0,2238
2025-Jan-24,870,0,2239
2025-Jan-25,870,0,2240
2025-Jan-26,870,0,2241
2025-Jan-27,870,0,2242
2025-Jan-28,870,0,2243
2025-Jan-29,870,0,2244
2025-Jan-30,870,0,2245
2025-Jan-31,870,0,2246
2025-Feb-01,870,0,2247
2025-Feb-02,870,0,2248
2025-Feb-03,870,0,2249
2025-Feb-04,870,0,2250
2025-Feb-05,870,0,2251
2025-Feb-06,871,0,2251
2025-Feb-07,871,0,2252
2025-Feb-08,871,0,2253
2025-Feb-09,871,0,2254
2025-Feb-10,871,0,2255
2025-Feb-11,871,0,2256
2025-Feb-12,871,0,2257
2025-Feb-13,871,0,2258
2025-Feb-14,871,0,2259
2025-Feb-15,871,0,2260
2025-Feb-16,871,0,2261
2025-Feb-17,871,0,2262
2025-Feb-18,871,0,2263
2025-Feb-19,871,0,2264
2025-Feb-20,872,0,2265
2025-Feb-21,873,0,2265
2025-Feb-22,873,0,2266
2025-Feb-23,873,0,2267
2025-Feb-24,873,1,2268
2025-Feb-25,873,0,2269
2025-Feb-26,873,0,2270
2025-Feb-27,873,0,2271
2025-Feb-28,873,0,2272
2025-Mar-01,873,0,2273
2025-Mar-02,873,0,2274
2025-Mar-03,873,0,2275
2025-Mar-04,873,0,2276
2025-Mar-05,873,0,2277
2025-Mar-06,873,0,2278
2025-Mar-07,874,0,2278
2025-Mar-08,874,0,2279
2025-Mar-09,874,0,2280
2025-Mar-10,874,0,2281
2025-Mar-11,874,0,2282
2025-Mar-12,874,0,2283
2025-Mar-13,874,0,2284
2025-Mar-14,874,0,2285
2025-Mar-15,874,0,2286
2025-Mar-16,874,0,2287
2025-Mar-17,874,0,2288
2025-Mar-18,874,0,2289
2025-Mar-19,874,0,2290
2025-Mar-20,876,0,2290
2025-Mar-21,876,0,2291
2025-Mar-22,876,0,2292
2025-Mar-23,876,0,2293
2025-Mar-24,876,0,2294
2025-Mar-25,876,0,2295
2025-Mar-26,876,0,2296
2025-Mar-27,877,0,2297
2025-Mar-28,877,0,2298
2025-Mar-29,877,0,2299
2025-Mar-30,877,0,2300
2025-Mar-31,877,0,2301
2025-Apr-01,877,0,2302
2025-Apr-02,877,0,2303
2025-Apr-03,877,0,2304
2025-Apr-04,877,0,2305
2025-Apr-05,877,0,2306
2025-Apr-06,877,0,2307
2025-Apr-07,877,0,2308
2025-Apr-08,877,0,2309
2025-Apr-09,877,0,2310
2025-Apr-10,878,0,2311
2025-Apr-11,878,0,2312
2025-Apr-12,878,0,2313
2025-Apr-13,878,0,2314
2025-Apr-14,878,0,2315
2025-Apr-15,878,0,2316
2025-Apr-16,878,0,2317
2025-Apr-17,878,0,2318
2025-Apr-18,878,0,2319
2025-Apr-19,878,1,2320
2025-Apr-20,877,0,2321
2025-Apr-21,877,0,2322
2025-Apr-22,877,1,2323
2025-Apr-23,876,0,2324
2025-Apr-24,876,0,2325
2025-Apr-25,876,0,2326
2025-Apr-26,876,0,2327
2025-Apr-27,876,0,2328
2025-Apr-28,876,0,2329
2025-Apr-29,876,0,2330
2025-Apr-30,877,0,2331
2025-May-01,877,0,2332
2025-May-02,877,0,2333
2025-May-03,877,0,2334
2025-May-04,877,0,2335
2025-May-05,877,0,2336
2025-May-06,877,0,2337
2025-May-07,877,1,2338
2025-May-08,876,0,2339
2025-May-09,876,0,2340
2025-May-10,876,0,2341
2025-May-11,876,0,2342
2025-May-12,876,0,2343
2025-May-13,876,0,2344
2025-May-14,876,0,2345
2025-May-15,876,0,2346
2025-May-16,876,0,2347
2025-May-17,876,0,2348
2025-May-18,876,0,2349
2025-May-19,876,0,2350
2025-May-20,876,0,2351
2025-May-21,876,0,2352
2025-May-22,876,0,2353
2025-May-23,876,0,2354
2025-May-24,876,0,2355
2025-May-25,876,0,2356
2025-May-26,876,0,2357
2025-May-27,876,0,2358
2025-May-28,876,0,2359
2025-May-29,876,0,2360
2025-May-30,876,0,2361
2025-May-31,876,0,2362
2025-Jun-01,876,0,2363
2025-Jun-02,876,0,2364
2025-Jun-03,876,0,2365
2025-Jun-04,876,0,2366
2025-Jun-05,876,0,2367
2025-Jun-06,876,0,2368
2025-Jun-07,876,0,2369
2025-Jun-08,876,0,2370
2025-Jun-09,876,0,2371
2025-Jun-10,876,0,2372
2025-Jun-11,876,0,2373
2025-Jun-12,876,0,2374
2025-Jun-13,876,0,2375
2025-Jun-14,876,0,2376
2025-Jun-15,876,0,2377
2025-Jun-16,876,0,2378
2025-Jun-17,876,0,2379
2025-Jun-18,876,0,2380
2025-Jun-19,876,0,2381
2025-Jun-20,876,0,2382
2025-Jun-21,876,0,2383
2025-Jun-22,876,0,2384
2025-Jun-23,876,0,2385
2025-Jun-24,876,0,2386
2025-Jun-25,876,0,2387
2025-Jun-26,876,0,2388
2025-Jun-27,876,0,2389
2025-Jun-28,876,0,2390
2025-Jun-29,876,0,2391
2025-Jun-30,876,0,2392
2025-Jul-01,876,0,2393
2025-Jul-02,876,0,2394
2025-Jul-03,876,0,2395
2025-Jul-04,876,0,2396
2025-Jul-05,876,0,2397
2025-Jul-06,876,0,2398
2025-Jul-07,876,0,2399
2025-Jul-08,876,0,2400
2025-Jul-09,876,0,2401
2025-Jul-10,876,0,2402
2025-Jul-11,876,0,2403
2025-Jul-12,876,0,2404
2025-Jul-13,876,0,2405
2025-Jul-14,876,0,2406
2025-Jul-15,876,0,2407
2025-Jul-16,876,1,2408
2025-Jul-17,875,0,2410
2025-Jul-18,875,0,2411
2025-Jul-19,875,0,2412
2025-Jul-20,875,0,2413
2025-Jul-21,875,0,2414
2025-Jul-22,875,0,2415
2025-Jul-23,875,0,2416
2025-Jul-24,875,0,2417
2025-Jul-25,875,0,2418
2025-Jul-26,875,0,2419
2025-Jul-27,875,0,2420
2025-Jul-28,875,0,2421
2025-Jul-29,875,0,2422
2025-Jul-30,875,0,2423
2025-Jul-31,875,0,2424
2025-Aug-01,875,0,2425
2025-Aug-02,875,0,2426
2025-Aug-03,875,0,2427
2025-Aug-04,875,0,2428
2025-Aug-05,875,0,2429
2025-Aug-06,875,0,2430
2025-Aug-07,875,1,2431
2025-Aug-08,874,0,2432
2025-Aug-09,874,0,2433
2025-Aug-10,874,0,2434
2025-Aug-11,874,0,2435
2025-Aug-12,874,0,2436
2025-Aug-13,874,0,2437
2025-Aug-14,874,0,2438
2025-Aug-15,874,0,2439
2025-Aug-16,874,0,2440
2025-Aug-17,874,0,2441
2025-Aug-18,874,0,2442
2025-Aug-19,874,0,2443
2025-Aug-20,875,0,2444
2025-Aug-21,875,0,2445
2025-Aug-22,875,0,2446
2025-Aug-23,875,0,2447
2025-Aug-24,875,0,2448
2025-Aug-25,875,0,2449
2025-Aug-26,875,0,2450
2025-Aug-27,875,0,2451
2025-Aug-28,875,0,2452
2025-Aug-29,875,0,2453
2025-Aug-30,875,0,2454
2025-Aug-31,875,0,2455
2025-Sep-01,875,0,2456
2025-Sep-02,875,0,2457
2025-Sep-03,875,0,2458
2025-Sep-04,875,0,2459
2025-Sep-05,875,0,2460
2025-Sep-06,875,0,2461
2025-Sep-07,875,0,2462
2025-Sep-08,875,0,2463
2025-Sep-09,875,0,2464
2025-Sep-10,875,0,2465
2025-Sep-11,875,0,2466
2025-Sep-12,875,0,2467
2025-Sep-13,875,0,2468
2025-Sep-14,875,0,2469
2025-Sep-15,875,0,2470
2025-Sep-16,875,0,2471
2025-Sep-17,875,0,2472
2025-Sep-18,875,0,2473
2025-Sep-19,875,0,2474
2025-Sep-20,875,0,2475
2025-Sep-21,875,0,2476
2025-Sep-22,875,0,2477
2025-Sep-23,875,0,2478
2025-Sep-24,875,0,2479
2025-Sep-25,875,0,2480
2025-Sep-26,875,0,2481
2025-Sep-27,875,0,2482
2025-Sep-28,875,0,2483
2025-Sep-29,875,0,2484
2025-Sep-30,875,0,2485
2025-Oct-01,875,0,2486
2025-Oct-02,875,0,2487
2025-Oct-03,875,0,2488
2025-Oct-04,875,0,2489
2025-Oct-05,875,0,2490
2025-Oct-06,875,0,2491
2025-Oct-07,875,0,2492
2025-Oct-08,875,0,2493
2025-Oct-09,875,0,2494
2025-Oct-10,875,0,2495
2025-Oct-11,875,0,2496
2025-Oct-12,875,0,2497
2025-Oct-13,875,0,2498
2025-Oct-14,875,0,2499
2025-Oct-15,875,0,2500
2025-Oct-16,876,0,2500
2025-Oct-17,876,0,2501
2025-Oct-18,876,0,2502
2025-Oct-19,876,0,2503
2025-Oct-20,876,0,2504
2025-Oct-21,876,0,2505
2025-Oct-22,876,0,2506
2025-Oct-23,876,0,2507
2025-Oct-24,876,0,2508
2025-Oct-25,876,0,2509
2025-Oct-26,876,0,2510
2025-Oct-27,876,0,2511
2025-Oct-28,876,0,2512
2025-Oct-29,876,0,2513
2025-Oct-30,876,0,2514
2025-Oct-31,876,0,2515
2025-Nov-01,876,0,2516
2025-Nov-02,876,0,2517
2025-Nov-03,876,0,2518
2025-Nov-04,876,0,2519
2025-Nov-05,876,0,2520
2025-Nov-06,876,0,2521
2025-Nov-07,876,0,2522
2025-Nov-08,876,0,2523
2025-Nov-09,876,0,2524
2025-Nov-10,876,0,2525
2025-Nov-11,876,0,2526
2025-Nov-12,876,0,2527
2025-Nov-13,876,0,2528
2025-Nov-14,877,0,2529
2025-Nov-15,877,0,2530
2025-Nov-16,877,0,2531
2025-Nov-17,877,0,2532
2025-Nov-18,877,0,2533
2025-Nov-19,877,0,2534
2025-Nov-20,877,0,2535
2025-Nov-21,877,0,2536
2025-Nov-22,877,0,2537
2025-Nov-23,877,0,2538
2025-Nov-24,877,0,2539
2025-Nov-25,877,0,2540
2025-Nov-26,877,0,2541
2025-Nov-27,877,0,2542
2025-Nov-28,877,0,2543
2025-Nov-29,877,0,2544
2025-Nov-30,877,0,2545
2025-Dec-01,877,0,2546
2025-Dec-02,877,0,2547
2025-Dec-03,877,0,2548
2025-Dec-04,877,0,2549
2025-Dec-05,877,0,2550
2025-Dec-06,877,0,2551
2025-Dec-07,877,0,2552
2025-Dec-08,877,0,2553
2025-Dec-09,877,0,2554
2025-Dec-10,879,1,2555
2025-Dec-11,878,0,2556
2025-Dec-12,878,0,2557
2025-Dec-13,878,0,2558
2025-Dec-14,878,0,2559
2025-Dec-15,878,0,2560
2025-Dec-16,878,0,2561
2025-Dec-17,879,0,2562
2025-Dec-18,879,0,2563
2025-Dec-19,879,0,2564
2025-Dec-20,879,0,2565
2025-Dec-21,879,0,2566
2025-Dec-22,879,0,2567
2025-Dec-23,879,0,2568
2025-Dec-24,879,0,2569
2025-Dec-25,879,0,2570
2025-Dec-26,879,0,2571
2025-Dec-27,879,0,2572
2025-Dec-28,879,0,2573
2025-Dec-29,879,0,2574
2025-Dec-30,879,0,2575
2025-Dec-31,879,0,2576
2026-Jan-01,879,0,2577
2026-Jan-02,879,0,2578
2026-Jan-03,879,0,2579
2026-Jan-04,879,0,2580
2026-Jan-05,879,0,2581
2026-Jan-06,879,0,2582
2026-Jan-07,879,0,2583
2026-Jan-08,879,0,2584
2026-Jan-09,879,0,2585
2026-Jan-10,879,0,2586
2026-Jan-11,879,0,2587
2026-Jan-12,879,0,2588
2026-Jan-13,879,0,2589
2026-Jan-14,879,0,2590
2026-Jan-15,879,0,2591
2026-Jan-16,879,1,2592
2026-Jan-17,878,0,2593
2026-Jan-18,878,0,2594
2026-Jan-19,878,0,2595
2026-Jan-20,878,1,2596
2026-Jan-21,878,0,2597
2026-Jan-22,878,0,2598
2026-Jan-23,878,0,2599
2026-Jan-24,878,0,2600
2026-Jan-25,878,0,2601
2026-Jan-26,878,0,2602
2026-Jan-27,878,0,2603
2026-Jan-28,878,0,2604
2026-Jan-29,878,0,2605
2026-Jan-30,878,1,2606
2026-Jan-31,878,0,2607
2026-Feb-01,878,0,2608
2026-Feb-02,878,0,2609
2026-Feb-03,878,0,2610
2026-Feb-04,878,0,2611
2026-Feb-05,878,0,2612
2026-Feb-06,878,0,2613
2026-Feb-07,878,0,2614
2026-Feb-08,878,0,2615
2026-Feb-09,878,0,2616
2026-Feb-10,878,0,2617
2026-Feb-11,878,0,2618
2026-Feb-12,878,0,2619
2026-Feb-13,878,0,2620
2026-Feb-14,878,0,2621
2026-Feb-15,878,0,2622
2026-Feb-16,878,0,2623
2026-Feb-17,878,0,2624
2026-Feb-18,878,0,2625
2026-Feb-19,878,0,2626
2026-Feb-20,878,0,2627
2026-Feb-21,878,0,2628
2026-Feb-22,878,0,2629
2026-Feb-23,878,0,2630
2026-Feb-24,878,0,2631
2026-Feb-25,878,0,2632
2026-Feb-26,878,0,2633
2026-Feb-27,878,0,2634
2026-Feb-28,878,0,2635
2026-Mar-01,878,0,2636
2026-Mar-02,878,0,2637
2026-Mar-03,878,0,2638
2026-Mar-04,878,0,2639
2026-Mar-05,878,0,2640
2026-Mar-06,878,0,2641
2026-Mar-07,878,0,2642
2026-Mar-08,878,0,2643
2026-Mar-09,878,0,2644
2026-Mar-10,878,0,2645
2026-Mar-11,878,0,2646
2026-Mar-12,878,0,2647
2026-Mar-13,878,0,2648
2026-Mar-14,878,0,2649
2026-Mar-15,878,0,2650
2026-Mar-16,878,0,2651
2026-Mar-17,878,0,2652
2026-Mar-18,878,0,2653
2026-Mar-19,878,0,2654
2026-Mar-20,878,0,2655
2026-Mar-21,878,0,2656
2026-Mar-22,878,0,2657
2026-Mar-23,878,0,2658
2026-Mar-24,878,0,2659
2026-Mar-25,878,0,2660
2026-Mar-26,878,0,2661
2026-Mar-27,878,0,2662
2026-Mar-28,878,0,2663
2026-Mar-29,878,0,2664
2026-Mar-30,878,0,2665
2026-Mar-31,878,0,2666
2026-Apr-01,878,0,2667
2026-Apr-02,879,0,2668
2026-Apr-03,879,0,2669
2026-Apr-04,879,0,2670
2026-Apr-05,879,0,2671
2026-Apr-06,879,0,2672
2026-Apr-07,879,0,2673
2026-Apr-08,879,0,2674
2026-Apr-09,879,0,2675
